Scenario,Variant,Round,Microseconds,AllocatedBytes,Checksum
Uniform-Point,Before,0,5.860181658365074,0,40956
Uniform-Point,After,0,40.2821752265861,0,5958
Uniform-Point,SIMD,0,546.2162162162163,0,444
Uniform-Point,Contained,0,34.55025906735751,0,6948
Uniform-Point,InternalContained,0,5.9602502979737775,0,40272
Uniform-Point,RootContained,0,5.950297441998811,0,40344
Uniform-Point,SpanTraversal,0,5.652112477038293,0,42462
Uniform-Point,ContainedSpan,0,6.080756953944369,0,39474
Uniform-Point,MatchedContained,0,6.102639206712434,0,39330
Uniform-Point,MatchedContainedSpan,0,5.660365077119004,0,42402
Uniform-Point,InternalContainedSpan,0,5.862206916764361,0,40944
Uniform-Point,MatchedContainedPoint,0,6.064044262543581,0,39582
Uniform-Point,MatchedContainedSpanPoint,0,6.100030497102775,0,39348
Uniform-Point,Capacity8,0,5.135665682372577,0,46734
Uniform-Point,Capacity32,0,7.006638640742687,0,34254
Uniform-Point,Capacity64,0,10.422850442939032,0,23028
Uniform-Point,Capacity64,1,10.439405010438414,0,22992
Uniform-Point,Capacity32,1,7.054346676071239,0,34026
Uniform-Point,Capacity8,1,5.201898569570871,0,46140
Uniform-Point,MatchedContainedSpanPoint,1,6.079951360389117,0,39474
Uniform-Point,MatchedContainedPoint,1,6.019834462001505,0,39870
Uniform-Point,InternalContainedSpan,1,5.91241501625776,0,40596
Uniform-Point,MatchedContainedSpan,1,5.621163575042158,0,42696
Uniform-Point,MatchedContained,1,6.376869121632392,0,37638
Uniform-Point,ContainedSpan,1,6.075201214882308,0,39510
Uniform-Point,SpanTraversal,1,5.639272624753312,0,42564
Uniform-Point,RootContained,1,5.973017769150366,0,40182
Uniform-Point,InternalContained,1,6.251461165807157,0,38394
Uniform-Point,Contained,1,5.988697604790419,0,40080
Uniform-Point,SIMD,1,208.4703125,0,1152
Uniform-Point,After,1,7.514860041330077,0,31938
Uniform-Point,Before,1,5.874331864904551,0,40860
Uniform-Point,Before,2,5.9743130227001195,0,40176
Uniform-Point,After,2,5.6552021487136,0,42444
Uniform-Point,SIMD,2,194.70388349514562,0,1236
Uniform-Point,Contained,2,5.845192869666861,0,41064
Uniform-Point,InternalContained,2,6.215490988191424,0,38616
Uniform-Point,RootContained,2,6.034937396289033,0,39774
Uniform-Point,SpanTraversal,2,5.611235797447048,0,42774
Uniform-Point,ContainedSpan,2,6.058140239285174,0,39618
Uniform-Point,MatchedContained,2,6.0931454683929935,0,39390
Uniform-Point,MatchedContainedSpan,2,5.634549295774648,0,42600
Uniform-Point,InternalContainedSpan,2,5.886403766921719,0,40776
Uniform-Point,MatchedContainedPoint,2,6.031237750640735,0,39798
Uniform-Point,MatchedContainedSpanPoint,2,6.1014338010982305,0,39336
Uniform-Point,Capacity8,2,5.163366464437846,0,46482
Uniform-Point,Capacity32,2,7.019319178803299,0,34194
Uniform-Point,Capacity64,2,10.5296920242169,0,22794
Uniform-Point,Capacity64,3,10.509800315291645,0,22836
Uniform-Point,Capacity32,3,7.092606382978724,0,33840
Uniform-Point,Capacity8,3,5.1834391602954515,0,46302
Uniform-Point,MatchedContainedSpanPoint,3,6.085457864313964,0,39444
Uniform-Point,MatchedContainedPoint,3,6.206189885200124,0,38676
Uniform-Point,InternalContainedSpan,3,5.8359591539022615,0,41130
Uniform-Point,MatchedContainedSpan,3,5.646464361326746,0,42510
Uniform-Point,MatchedContained,3,6.010939143501127,0,39930
Uniform-Point,ContainedSpan,3,6.089282995889786,0,39414
Uniform-Point,SpanTraversal,3,5.656462104072398,0,42432
Uniform-Point,RootContained,3,6.0364720084502785,0,39762
Uniform-Point,InternalContained,3,5.956685527099464,0,40296
Uniform-Point,Contained,3,5.935836177474402,0,40434
Uniform-Point,SIMD,3,197.1418719211823,0,1218
Uniform-Point,After,3,5.620089912896882,0,42708
Uniform-Point,Before,3,5.879041740152851,0,40824
Uniform-Point,Before,4,5.8649464887846365,0,40926
Uniform-Point,After,4,5.6710802381627445,0,42324
Uniform-Point,SIMD,4,195.1863414634146,0,1230
Uniform-Point,Contained,4,5.933239394838327,0,40452
Uniform-Point,InternalContained,4,5.932023721275018,0,40470
Uniform-Point,RootContained,4,6.164175654853621,0,38940
Uniform-Point,SpanTraversal,4,5.627064284709523,0,42654
Uniform-Point,ContainedSpan,4,6.082636460392276,0,39462
Uniform-Point,MatchedContained,4,5.990551063192573,0,40068
Uniform-Point,MatchedContainedSpan,4,5.682329545454545,0,42240
Uniform-Point,InternalContainedSpan,4,5.856573938506589,0,40980
Uniform-Point,MatchedContainedPoint,4,6.072525804493018,0,39528
Uniform-Point,MatchedContainedSpanPoint,4,6.104578055852282,0,39318
Uniform-Point,Capacity8,4,5.300702265800981,0,45282
Uniform-Point,Capacity32,4,7.155957066189625,0,33540
Uniform-Point,Capacity64,4,10.632075471698114,0,22578
Uniform-Point,Capacity64,5,10.482573375262055,0,22896
Uniform-Point,Capacity32,5,7.12168417304611,0,33702
Uniform-Point,Capacity8,5,5.30147097800159,0,45276
Uniform-Point,MatchedContainedSpanPoint,5,6.075470838396112,0,39504
Uniform-Point,MatchedContainedPoint,5,6.063019096695969,0,39588
Uniform-Point,InternalContainedSpan,5,5.906511147202126,0,40638
Uniform-Point,MatchedContainedSpan,5,5.6359960552268245,0,42588
Uniform-Point,MatchedContained,5,5.980624906563014,0,40134
Uniform-Point,ContainedSpan,5,6.094149908592322,0,39384
Uniform-Point,SpanTraversal,5,5.65274833969196,0,42462
Uniform-Point,RootContained,5,5.951338887235942,0,40332
Uniform-Point,InternalContained,5,6.033011612124868,0,39786
Uniform-Point,Contained,5,5.892664604507291,0,40734
Uniform-Point,SIMD,5,195.28829268292682,0,1230
Uniform-Point,After,5,5.636339298295054,0,42582
Uniform-Point,Before,5,5.868603286384976,0,40896
Uniform-Point,Before,6,5.855298594847776,0,40992
Uniform-Point,After,6,5.574428651059086,0,43056
Uniform-Point,SIMD,6,194.64368932038835,0,1236
Uniform-Point,Contained,6,5.8891358751656115,0,40758
Uniform-Point,InternalContained,6,5.997316341829086,0,40020
Uniform-Point,RootContained,6,5.968442256042972,0,40212
Uniform-Point,SpanTraversal,6,5.606867554309741,0,42810
Uniform-Point,ContainedSpan,6,6.087325015216068,0,39432
Uniform-Point,MatchedContained,6,6.005209428013812,0,39966
Uniform-Point,MatchedContainedSpan,6,5.654134275618374,0,42450
Uniform-Point,InternalContainedSpan,6,5.849276209972218,0,41034
Uniform-Point,MatchedContainedPoint,6,6.046750302297461,0,39696
Uniform-Point,MatchedContainedSpanPoint,6,6.084319391634981,0,39450
Uniform-Point,Capacity8,6,5.295353455123113,0,45324
Uniform-Point,Capacity32,6,7.336567027324409,0,32718
Uniform-Point,Capacity64,6,10.580005289605925,0,22686
Uniform-Point,Capacity64,7,10.62219861922464,0,22596
Uniform-Point,Capacity32,7,7.179217516152189,0,33432
Uniform-Point,Capacity8,7,5.377255007393467,0,44634
Uniform-Point,MatchedContainedSpanPoint,7,6.075349331713244,0,39504
Uniform-Point,MatchedContainedPoint,7,6.031559107358263,0,39792
Uniform-Point,InternalContainedSpan,7,5.928245406046236,0,40488
Uniform-Point,MatchedContainedSpan,7,5.748792756539236,0,41748
Uniform-Point,MatchedContained,7,6.012067929065225,0,39924
Uniform-Point,ContainedSpan,7,6.036577636939792,0,39762
Uniform-Point,SpanTraversal,7,5.6413904949936535,0,42546
Uniform-Point,RootContained,7,5.994979769219242,0,40038
Uniform-Point,InternalContained,7,5.930882134914752,0,40470
Uniform-Point,Contained,7,5.889296230859835,0,40752
Uniform-Point,SIMD,7,195.48292682926828,0,1230
Uniform-Point,After,7,5.7343033256880735,0,41856
Uniform-Point,Before,7,5.86283159900337,0,40938
Uniform-Point,Before,8,5.865909090909091,0,40920
Uniform-Point,After,8,5.640039475539265,0,42558
Uniform-Point,SIMD,8,194.5364077669903,0,1236
Uniform-Point,Contained,8,5.921329188869153,0,40536
Uniform-Point,InternalContained,8,5.976037623171096,0,40188
Uniform-Point,RootContained,8,5.95548608009528,0,40302
Uniform-Point,SpanTraversal,8,5.624507874015748,0,42672
Uniform-Point,ContainedSpan,8,6.042930513595166,0,39720
Uniform-Point,MatchedContained,8,6.013166992334285,0,39918
Uniform-Point,MatchedContainedSpan,8,5.646668548842462,0,42504
Uniform-Point,InternalContainedSpan,8,5.893811698836011,0,40722
Uniform-Point,MatchedContainedPoint,8,6.052223903177004,0,39660
Uniform-Point,MatchedContainedSpanPoint,8,6.1357822085889575,0,39120
Uniform-Point,Capacity8,8,5.323476177801437,0,45084
Uniform-Point,Capacity32,8,7.17498206599713,0,33456
Uniform-Point,Capacity64,8,10.546295808067493,0,22758
Uniform-Small,Before,0,9.336476079346559,0,1495465
Uniform-Small,After,0,8.934710743801652,0,1562473
Uniform-Small,SIMD,0,197.03088235294118,0,71196
Uniform-Small,Contained,0,9.214535821239346,0,1515009
Uniform-Small,InternalContained,0,9.263371150729336,0,1507331
Uniform-Small,RootContained,0,9.349404066370647,0,1493371
Uniform-Small,SpanTraversal,0,8.955965972688606,0,1558983
Uniform-Small,ContainedSpan,0,9.596426001439195,0,1454981
Uniform-Small,MatchedContained,0,9.57341469251017,0,1458471
Uniform-Small,MatchedContainedSpan,0,9.268164967562559,0,1506284
Uniform-Small,InternalContainedSpan,0,9.070408163265306,0,1539090
Uniform-Small,MatchedContainedPoint,0,9.716735487005101,0,1436833
Uniform-Small,MatchedContainedSpanPoint,0,9.260185185185184,0,1507680
Uniform-Small,Capacity8,0,8.965262214253698,0,1557238
Uniform-Small,Capacity32,0,11.655740093240093,0,1197768
Uniform-Small,Capacity64,0,14.532800581184164,0,960797
Uniform-Small,Capacity64,1,14.559170305676856,0,959052
Uniform-Small,Capacity32,1,11.58928157589803,0,1204748
Uniform-Small,Capacity8,1,8.90507569011576,0,1567708
Uniform-Small,MatchedContainedSpanPoint,1,9.183379247015612,0,1520244
Uniform-Small,MatchedContainedPoint,1,9.722041312272173,0,1436135
Uniform-Small,InternalContainedSpan,1,9.046879240162824,0,1543278
Uniform-Small,MatchedContainedSpan,1,9.16389461626575,0,1523385
Uniform-Small,MatchedContained,1,9.586101126288042,0,1456377
Uniform-Small,ContainedSpan,1,9.582850299401198,0,1457075
Uniform-Small,SpanTraversal,1,11.581905037637522,0,1205446
Uniform-Small,RootContained,1,9.348586118251928,0,1493371
Uniform-Small,InternalContained,1,9.31266294227188,0,1499304
Uniform-Small,Contained,1,9.227820069204151,0,1512915
Uniform-Small,SIMD,1,196.34607843137255,0,71196
Uniform-Small,After,1,8.878450954283178,0,1572594
Uniform-Small,Before,1,9.294470260223049,0,1502096
Uniform-Small,Before,2,9.167529789184234,0,1523036
Uniform-Small,After,2,8.920740410347904,0,1564916
Uniform-Small,SIMD,2,195.98926829268294,0,71545
Uniform-Small,Contained,2,9.165108820160366,0,1523385
Uniform-Small,InternalContained,2,9.33858543417367,0,1495116
Uniform-Small,RootContained,2,9.377308954524144,0,1488834
Uniform-Small,SpanTraversal,2,9.031835628810116,0,1545721
Uniform-Small,ContainedSpan,2,9.624416646620158,0,1450793
Uniform-Small,MatchedContained,2,9.667278878685355,0,1444162
Uniform-Small,MatchedContainedSpan,2,9.150526075022873,0,1525828
Uniform-Small,InternalContainedSpan,2,9.080118020880617,0,1537694
Uniform-Small,MatchedContainedPoint,2,9.700048496605238,0,1439276
Uniform-Small,MatchedContainedSpanPoint,2,9.162643151626202,0,1523734
Uniform-Small,Capacity8,2,8.935023453205272,0,1562473
Uniform-Small,Capacity32,2,11.556008087810515,0,1208238
Uniform-Small,Capacity64,2,14.665615835777126,0,952072
Uniform-Small,Capacity64,3,14.51821480406386,0,961844
Uniform-Small,Capacity32,3,11.650291205591147,0,1198466
Uniform-Small,Capacity8,3,8.996087249831346,0,1552003
Uniform-Small,MatchedContainedSpanPoint,3,9.333037797480168,0,1495814
Uniform-Small,MatchedContainedPoint,3,9.66470161874849,0,1444511
Uniform-Small,InternalContainedSpan,3,9.04122033898305,0,1544325
Uniform-Small,MatchedContainedSpan,3,9.191063634275212,0,1519197
Uniform-Small,MatchedContained,3,9.596857759654593,0,1454981
Uniform-Small,ContainedSpan,3,9.480071090047394,0,1472780
Uniform-Small,SpanTraversal,3,8.975813327350235,0,1555493
Uniform-Small,RootContained,3,9.28141531322506,0,1504190
Uniform-Small,InternalContained,3,9.228281430219146,0,1512915
Uniform-Small,Contained,3,9.192532169117648,0,1518848
Uniform-Small,SIMD,3,198.45396039603958,0,70498
Uniform-Small,After,3,8.88352209638019,0,1571547
Uniform-Small,Before,3,9.224579202213512,0,1513613
Uniform-Small,Before,4,9.197700620832375,0,1517801
Uniform-Small,After,4,8.893241440640285,0,1569802
Uniform-Small,SIMD,4,196.3313725490196,0,71196
Uniform-Small,Contained,4,9.240887040887042,0,1510821
Uniform-Small,InternalContained,4,9.256478482184175,0,1508378
Uniform-Small,RootContained,4,9.360435189518016,0,1491626
Uniform-Small,SpanTraversal,4,9.093180268242783,0,1535251
Uniform-Small,ContainedSpan,4,9.626780558229067,0,1450444
Uniform-Small,MatchedContained,4,9.591992327978902,0,1455679
Uniform-Small,MatchedContainedSpan,4,9.12927886809676,0,1529318
Uniform-Small,InternalContainedSpan,4,9.152916952642416,0,1525479
Uniform-Small,MatchedContainedPoint,4,9.856368563685637,0,1416591
Uniform-Small,MatchedContainedSpanPoint,4,9.264173228346456,0,1506982
Uniform-Small,Capacity8,4,9.05466274332277,0,1541882
Uniform-Small,Capacity32,4,11.579942112879884,0,1205795
Uniform-Small,Capacity64,4,14.658995969219495,0,952421
Uniform-Small,Capacity64,5,14.476917510853834,0,964636
Uniform-Small,Capacity32,5,11.682739485981308,0,1194976
Uniform-Small,Capacity8,5,8.902536715620828,0,1568406
Uniform-Small,MatchedContainedSpanPoint,5,9.198827316624511,0,1517801
Uniform-Small,MatchedContainedPoint,5,9.773271439042267,0,1428457
Uniform-Small,InternalContainedSpan,5,9.068329177057358,0,1539439
Uniform-Small,MatchedContainedSpan,5,9.158585164835165,0,1524432
Uniform-Small,MatchedContained,5,9.655394641564085,0,1445907
Uniform-Small,ContainedSpan,5,9.61186929360884,0,1452538
Uniform-Small,SpanTraversal,5,9.115356573251312,0,1531761
Uniform-Small,RootContained,5,9.353214870236146,0,1492673
Uniform-Small,InternalContained,5,9.305954873226332,0,1500351
Uniform-Small,Contained,5,9.217695852534563,0,1514660
Uniform-Small,SIMD,5,196.56029411764706,0,71196
Uniform-Small,After,5,8.892952423299244,0,1569802
Uniform-Small,Before,5,9.200666973321066,0,1517452
Uniform-Small,Before,6,9.143657142857142,0,1526875
Uniform-Small,After,6,8.912878787878787,0,1566312
Uniform-Small,SIMD,6,195.6390243902439,0,71545
Uniform-Small,Contained,6,9.227912341407151,0,1512915
Uniform-Small,InternalContained,6,9.356127221702526,0,1492324
Uniform-Small,RootContained,6,9.479597156398105,0,1472780
Uniform-Small,SpanTraversal,6,9.094089565810412,0,1535251
Uniform-Small,ContainedSpan,6,9.527601809954751,0,1465451
Uniform-Small,MatchedContained,6,9.594746941712641,0,1454981
Uniform-Small,MatchedContainedSpan,6,9.148273496455523,0,1526177
Uniform-Small,InternalContainedSpan,6,9.069621401042847,0,1539439
Uniform-Small,MatchedContainedPoint,6,9.719630709426628,0,1436484
Uniform-Small,MatchedContainedSpanPoint,6,9.2434842883549,0,1510472
Uniform-Small,Capacity8,6,9.047127996381729,0,1543278
Uniform-Small,Capacity32,6,11.65011648223646,0,1198466
Uniform-Small,Capacity64,6,14.673734409391049,0,951374
Uniform-Small,Capacity64,7,14.614864864864865,0,955562
Uniform-Small,Capacity32,7,11.5836711059641,0,1205446
Uniform-Small,Capacity8,7,9.048902963130512,0,1542929
Uniform-Small,MatchedContainedSpanPoint,7,9.16686526122823,0,1523036
Uniform-Small,MatchedContainedPoint,7,9.761639824304538,0,1430202
Uniform-Small,InternalContainedSpan,7,9.056622141725153,0,1541533
Uniform-Small,MatchedContainedSpan,7,9.143245714285714,0,1526875
Uniform-Small,MatchedContained,7,9.58622094416487,0,1456377
Uniform-Small,ContainedSpan,7,9.574006701771182,0,1458122
Uniform-Small,SpanTraversal,7,9.057527733755943,0,1541533
Uniform-Small,RootContained,7,9.320526561043803,0,1497908
Uniform-Small,InternalContained,7,9.305745522214469,0,1500351
Uniform-Small,Contained,7,9.267755385684504,0,1506633
Uniform-Small,SIMD,7,196.33382352941175,0,71196
Uniform-Small,After,7,8.890644444444444,0,1570500
Uniform-Small,Before,7,9.297164768765976,0,1501747
Uniform-Small,Before,8,9.218713989398479,0,1514311
Uniform-Small,After,8,8.894486438417074,0,1569802
Uniform-Small,SIMD,8,196.34117647058824,0,71196
Uniform-Small,Contained,8,9.164513172966782,0,1523385
Uniform-Small,InternalContained,8,9.222544951590596,0,1513962
Uniform-Small,RootContained,8,9.343938332165383,0,1494069
Uniform-Small,SpanTraversal,8,9.009932432432432,0,1549560
Uniform-Small,ContainedSpan,8,9.613217976447968,0,1452189
Uniform-Small,MatchedContained,8,9.691351744186047,0,1440672
Uniform-Small,MatchedContainedSpan,8,9.181891209547855,0,1520593
Uniform-Small,InternalContainedSpan,8,9.078171091445428,0,1538043
Uniform-Small,MatchedContainedPoint,8,9.781418092909535,0,1427410
Uniform-Small,MatchedContainedSpanPoint,8,9.171939477303988,0,1522338
Uniform-Small,Capacity8,8,9.00529040972535,0,1550258
Uniform-Small,Capacity32,8,11.607194662024948,0,1203003
Uniform-Small,Capacity64,8,15.779329388560157,0,884715
Uniform-Medium,Before,0,122.30365853658536,0,7231744
Uniform-Medium,After,0,96.32740384615384,0,9171968
Uniform-Medium,SIMD,0,344.31880341880344,0,2579616
Uniform-Medium,Contained,0,107.89002695417788,0,8179808
Uniform-Medium,InternalContained,0,117.54105571847508,0,7518368
Uniform-Medium,RootContained,0,113.06242937853106,0,7804992
Uniform-Medium,SpanTraversal,0,107.97466307277628,0,8179808
Uniform-Medium,ContainedSpan,0,94.86824644549763,0,9304256
Uniform-Medium,MatchedContained,0,101.5767088607595,0,8708960
Uniform-Medium,MatchedContainedSpan,0,90.57624434389139,0,9745216
Uniform-Medium,InternalContainedSpan,0,116.42674418604652,0,7584512
Uniform-Medium,MatchedContainedPoint,0,107.89919137466308,0,8179808
Uniform-Medium,MatchedContainedSpanPoint,0,88.1511013215859,0,10009792
Uniform-Medium,Capacity8,0,126.13930817610064,0,7011264
Uniform-Medium,Capacity32,0,137.56975945017183,0,6415968
Uniform-Medium,Capacity64,0,160.73453815261044,0,5489952
Uniform-Medium,Capacity64,1,157.43490196078432,0,5622240
Uniform-Medium,Capacity32,1,131.16196721311476,0,6724640
Uniform-Medium,Capacity8,1,123.09076923076923,0,7165600
Uniform-Medium,MatchedContainedSpanPoint,1,89.63624161073825,0,9855456
Uniform-Medium,MatchedContainedPoint,1,105.05249343832021,0,8400288
Uniform-Medium,InternalContainedSpan,1,113.96695156695156,0,7738848
Uniform-Medium,MatchedContainedSpan,1,90.37381489841987,0,9767264
Uniform-Medium,MatchedContained,1,100.1365,0,8819200
Uniform-Medium,ContainedSpan,1,95.55155131264917,0,9238112
Uniform-Medium,SpanTraversal,1,107.90350404312667,0,8179808
Uniform-Medium,RootContained,1,113.69829545454546,0,7760896
Uniform-Medium,InternalContained,1,117.39648093841642,0,7518368
Uniform-Medium,Contained,1,103.61912144702842,0,8532576
Uniform-Medium,SIMD,1,335.47666666666663,0,2645760
Uniform-Medium,After,1,92.03586206896551,0,9590880
Uniform-Medium,Before,1,119.87155688622754,0,7364032
Uniform-Medium,Before,2,115.45504322766571,0,7650656
Uniform-Medium,After,2,93.26783216783217,0,9458592
Uniform-Medium,SIMD,2,337.0176470588235,0,2623712
Uniform-Medium,Contained,2,106.6736,0,8268000
Uniform-Medium,InternalContained,2,119.84730538922156,0,7364032
Uniform-Medium,RootContained,2,114.48,0,7716800
Uniform-Medium,SpanTraversal,2,108.29270270270271,0,8157760
Uniform-Medium,ContainedSpan,2,95.35166666666666,0,9260160
Uniform-Medium,MatchedContained,2,104.19609375,0,8466432
Uniform-Medium,MatchedContainedSpan,2,90.33115124153498,0,9767264
Uniform-Medium,InternalContainedSpan,2,114.58142857142857,0,7716800
Uniform-Medium,MatchedContainedPoint,2,102.0704081632653,0,8642816
Uniform-Medium,MatchedContainedSpanPoint,2,89.33482142857143,0,9877504
Uniform-Medium,Capacity8,2,123.23938461538462,0,7165600
Uniform-Medium,Capacity32,2,130.46091205211727,0,6768736
Uniform-Medium,Capacity64,2,155.39457364341087,0,5688384
Uniform-Medium,Capacity64,3,164.97654320987655,0,5357664
Uniform-Medium,Capacity32,3,132.1125412541254,0,6680544
Uniform-Medium,Capacity8,3,125.94433962264152,0,7011264
Uniform-Medium,MatchedContainedSpanPoint,3,88.41081677704194,0,9987744
Uniform-Medium,MatchedContainedPoint,3,104.5443864229765,0,8444384
Uniform-Medium,InternalContainedSpan,3,116.85189504373177,0,7562464
Uniform-Medium,MatchedContainedSpan,3,91.7591743119266,0,9612928
Uniform-Medium,MatchedContained,3,105.68733509234829,0,8356192
Uniform-Medium,ContainedSpan,3,94.45141509433962,0,9348352
Uniform-Medium,SpanTraversal,3,107.87277628032346,0,8179808
Uniform-Medium,RootContained,3,114.23276353276353,0,7738848
Uniform-Medium,InternalContained,3,120.46186186186188,0,7341984
Uniform-Medium,Contained,3,98.17083333333332,0,8995584
Uniform-Medium,SIMD,3,335.83583333333337,0,2645760
Uniform-Medium,After,3,92.95034802784222,0,9502688
Uniform-Medium,Before,3,121.51939393939395,0,7275840
Uniform-Medium,Before,4,120.53343373493975,0,7319936
Uniform-Medium,After,4,92.89187935034803,0,9502688
Uniform-Medium,SIMD,4,337.609243697479,0,2623712
Uniform-Medium,Contained,4,99.86907730673316,0,8841248
Uniform-Medium,InternalContained,4,120.90453172205439,0,7297888
Uniform-Medium,RootContained,4,117.63841642228738,0,7518368
Uniform-Medium,SpanTraversal,4,108.19189189189188,0,8157760
Uniform-Medium,ContainedSpan,4,97.01113801452784,0,9105824
Uniform-Medium,MatchedContained,4,110.5011049723757,0,7981376
Uniform-Medium,MatchedContainedSpan,4,92.0248275862069,0,9590880
Uniform-Medium,InternalContainedSpan,4,115.84566473988438,0,7628608
Uniform-Medium,MatchedContainedPoint,4,101.0689393939394,0,8731008
Uniform-Medium,MatchedContainedSpanPoint,4,88.35739514348786,0,9987744
Uniform-Medium,Capacity8,4,127.12952380952382,0,6945120
Uniform-Medium,Capacity32,4,123.11261538461538,0,7165600
Uniform-Medium,Capacity64,4,164.46598360655736,0,5379712
Uniform-Medium,Capacity64,5,162.40364372469634,0,5445856
Uniform-Medium,Capacity32,5,135.09292929292928,0,6548256
Uniform-Medium,Capacity8,5,125.52884012539184,0,7033312
Uniform-Medium,MatchedContainedSpanPoint,5,90.94318181818181,0,9701120
Uniform-Medium,MatchedContainedPoint,5,105.06351706036745,0,8400288
Uniform-Medium,InternalContainedSpan,5,114.77736389684814,0,7694752
Uniform-Medium,MatchedContainedSpan,5,92.64560185185185,0,9524736
Uniform-Medium,MatchedContained,5,103.1270618556701,0,8554624
Uniform-Medium,ContainedSpan,5,95.01710213776721,0,9282208
Uniform-Medium,SpanTraversal,5,108.54254742547425,0,8135712
Uniform-Medium,RootContained,5,118.19941002949852,0,7474272
Uniform-Medium,InternalContained,5,118.98902077151337,0,7430176
Uniform-Medium,Contained,5,104.29322916666666,0,8466432
Uniform-Medium,SIMD,5,336.65546218487395,0,2623712
Uniform-Medium,After,5,94.47382075471698,0,9348352
Uniform-Medium,Before,5,120.28588588588588,0,7341984
Uniform-Medium,Before,6,125.66833855799372,0,7033312
Uniform-Medium,After,6,95.21781472684084,0,9282208
Uniform-Medium,SIMD,6,337.56134453781516,0,2623712
Uniform-Medium,Contained,6,97.06682808716707,0,9105824
Uniform-Medium,InternalContained,6,123.23969230769231,0,7165600
Uniform-Medium,RootContained,6,115.364265129683,0,7650656
Uniform-Medium,SpanTraversal,6,107.65860215053763,0,8201856
Uniform-Medium,ContainedSpan,6,94.84549763033176,0,9304256
Uniform-Medium,MatchedContained,6,105.97063492063492,0,8334144
Uniform-Medium,MatchedContainedSpan,6,90.75147392290249,0,9723168
Uniform-Medium,InternalContainedSpan,6,114.65243553008595,0,7694752
Uniform-Medium,MatchedContainedPoint,6,105.39368421052632,0,8378240
Uniform-Medium,MatchedContainedSpanPoint,6,90.19864864864864,0,9789312
Uniform-Medium,Capacity8,6,123.09261538461539,0,7165600
Uniform-Medium,Capacity32,6,119.50626865671641,0,7386080
Uniform-Medium,Capacity64,6,158.20790513833992,0,5578144
Uniform-Medium,Capacity64,7,158.35177865612647,0,5578144
Uniform-Medium,Capacity32,7,130.16136363636363,0,6790784
Uniform-Medium,Capacity8,7,126.65316455696203,0,6967168
Uniform-Medium,MatchedContainedSpanPoint,7,88.61106194690265,0,9965696
Uniform-Medium,MatchedContainedPoint,7,102.61432225063938,0,8620768
Uniform-Medium,InternalContainedSpan,7,114.50628571428571,0,7716800
Uniform-Medium,MatchedContainedSpan,7,91.36164383561645,0,9657024
Uniform-Medium,MatchedContained,7,109.39836065573772,0,8069568
Uniform-Medium,ContainedSpan,7,96.37836538461539,0,9171968
Uniform-Medium,SpanTraversal,7,109.4622950819672,0,8069568
Uniform-Medium,RootContained,7,114.05470085470084,0,7738848
Uniform-Medium,InternalContained,7,117.76617647058823,0,7496320
Uniform-Medium,Contained,7,98.65492610837438,0,8951488
Uniform-Medium,SIMD,7,336.64789915966384,0,2623712
Uniform-Medium,After,7,94.69787234042552,0,9326304
Uniform-Medium,Before,7,115.45907780979827,0,7650656
Uniform-Medium,Before,8,113.11779661016948,0,7804992
Uniform-Medium,After,8,94.30258823529411,0,9370400
Uniform-Medium,SIMD,8,336.35210084033616,0,2623712
Uniform-Medium,Contained,8,104.18776041666666,0,8466432
Uniform-Medium,InternalContained,8,117.94,0,7496320
Uniform-Medium,RootContained,8,114.80544412607449,0,7694752
Uniform-Medium,SpanTraversal,8,110.83628808864266,0,7959328
Uniform-Medium,ContainedSpan,8,99.18316831683168,0,8907392
Uniform-Medium,MatchedContained,8,104.81282722513089,0,8422336
Uniform-Medium,MatchedContainedSpan,8,90.89002267573696,0,9723168
Uniform-Medium,InternalContainedSpan,8,115.10948275862069,0,7672704
Uniform-Medium,MatchedContainedPoint,8,106.78906666666667,0,8268000
Uniform-Medium,MatchedContainedSpanPoint,8,89.29598214285714,0,9877504
Uniform-Medium,Capacity8,8,123.43753846153845,0,7165600
Uniform-Medium,Capacity32,8,122.71687116564416,0,7187648
Uniform-Medium,Capacity64,8,157.86417322834646,0,5600192
Uniform-Broad,Before,0,563.4267605633803,0,11609068
Uniform-Broad,After,0,375.3532710280374,0,17495356
Uniform-Broad,SIMD,0,726.5821428571428,0,9156448
Uniform-Broad,Contained,0,390.0718446601942,0,16841324
Uniform-Broad,InternalContained,0,443.389010989011,0,14879228
Uniform-Broad,RootContained,0,555.4068493150685,0,11936084
Uniform-Broad,SpanTraversal,0,544.2472972972973,0,12099592
Uniform-Broad,ContainedSpan,0,376.12803738317757,0,17495356
Uniform-Broad,MatchedContained,0,383.3019047619047,0,17168340
Uniform-Broad,MatchedContainedSpan,0,362.2315315315315,0,18149388
Uniform-Broad,InternalContainedSpan,0,440.55164835164834,0,14879228
Uniform-Broad,MatchedContainedPoint,0,370.11192660550455,0,17822372
Uniform-Broad,MatchedContainedSpanPoint,0,367.0201834862385,0,17822372
Uniform-Broad,Capacity8,0,655.0564516129032,0,10137496
Uniform-Broad,Capacity32,0,524.7805194805195,0,12590116
Uniform-Broad,Capacity64,0,572.5514285714286,0,11445560
Uniform-Broad,Capacity64,1,543.0594594594595,0,12099592
Uniform-Broad,Capacity32,1,560.3291666666667,0,11772576
Uniform-Broad,Capacity8,1,656.2918032786886,0,9973988
Uniform-Broad,MatchedContainedSpanPoint,1,372.412037037037,0,17658864
Uniform-Broad,MatchedContainedPoint,1,379.7896226415094,0,17331848
Uniform-Broad,InternalContainedSpan,1,448.0866666666667,0,14715720
Uniform-Broad,MatchedContainedSpan,1,366.9618181818182,0,17985880
Uniform-Broad,MatchedContained,1,392.86176470588236,0,16677816
Uniform-Broad,ContainedSpan,1,373.46111111111117,0,17658864
Uniform-Broad,SpanTraversal,1,535.6759999999999,0,12263100
Uniform-Broad,RootContained,1,550.568493150685,0,11936084
Uniform-Broad,InternalContained,1,444.8566666666666,0,14715720
Uniform-Broad,Contained,1,389.75048543689326,0,16841324
Uniform-Broad,SIMD,1,727.0785714285714,0,9156448
Uniform-Broad,After,1,377.46915887850463,0,17495356
Uniform-Broad,Before,1,548.0232876712329,0,11936084
Uniform-Broad,Before,2,543.0378378378379,0,12099592
Uniform-Broad,After,2,371.2092592592592,0,17658864
Uniform-Broad,SIMD,2,725.0232142857143,0,9156448
Uniform-Broad,Contained,2,383.8076190476191,0,17168340
Uniform-Broad,InternalContained,2,484.38674698795177,0,13571164
Uniform-Broad,RootContained,2,567.8690140845071,0,11609068
Uniform-Broad,SpanTraversal,2,544.3243243243244,0,12099592
Uniform-Broad,ContainedSpan,2,373.55555555555554,0,17658864
Uniform-Broad,MatchedContained,2,379.9754716981132,0,17331848
Uniform-Broad,MatchedContainedSpan,2,369.0192660550459,0,17822372
Uniform-Broad,InternalContainedSpan,2,504.37624999999997,0,13080640
Uniform-Broad,MatchedContainedPoint,2,372.0833333333333,0,17658864
Uniform-Broad,MatchedContainedSpanPoint,2,379.93301886792455,0,17331848
Uniform-Broad,Capacity8,2,655.9983606557378,0,9973988
Uniform-Broad,Capacity32,2,522.3961038961039,0,12590116
Uniform-Broad,Capacity64,2,553.5013698630137,0,11936084
Uniform-Broad,Capacity64,3,564.7056338028169,0,11609068
Uniform-Broad,Capacity32,3,552.4794520547945,0,11936084
Uniform-Broad,Capacity8,3,657.4311475409836,0,9973988
Uniform-Broad,MatchedContainedSpanPoint,3,371.2,0,17658864
Uniform-Broad,MatchedContainedPoint,3,375.33457943925237,0,17495356
Uniform-Broad,InternalContainedSpan,3,443.63186813186815,0,14879228
Uniform-Broad,MatchedContainedSpan,3,363.7972727272727,0,17985880
Uniform-Broad,MatchedContained,3,390.55631067961167,0,16841324
Uniform-Broad,ContainedSpan,3,371.78888888888883,0,17658864
Uniform-Broad,SpanTraversal,3,551.3328767123288,0,11936084
Uniform-Broad,RootContained,3,556.4916666666667,0,11772576
Uniform-Broad,InternalContained,3,444.0747252747253,0,14879228
Uniform-Broad,Contained,3,384.93461538461537,0,17004832
Uniform-Broad,SIMD,3,730.4927272727273,0,8992940
Uniform-Broad,After,3,380.39339622641506,0,17331848
Uniform-Broad,Before,3,546.868918918919,0,12099592
Uniform-Broad,Before,4,547.2432432432432,0,12099592
Uniform-Broad,After,4,373.4083333333333,0,17658864
Uniform-Broad,SIMD,4,727.2767857142857,0,9156448
Uniform-Broad,Contained,4,384.28380952380957,0,17168340
Uniform-Broad,InternalContained,4,451.9370786516854,0,14552212
Uniform-Broad,RootContained,4,556.3861111111112,0,11772576
Uniform-Broad,SpanTraversal,4,541.618918918919,0,12099592
Uniform-Broad,ContainedSpan,4,375.0822429906542,0,17495356
Uniform-Broad,MatchedContained,4,388.1365384615384,0,17004832
Uniform-Broad,MatchedContainedSpan,4,370.40555555555557,0,17658864
Uniform-Broad,InternalContainedSpan,4,441.8,0,14879228
Uniform-Broad,MatchedContainedPoint,4,383.02,0,17168340
Uniform-Broad,MatchedContainedSpanPoint,4,371.5046296296296,0,17658864
Uniform-Broad,Capacity8,4,659.0819672131148,0,9973988
Uniform-Broad,Capacity32,4,562.2722222222222,0,11772576
Uniform-Broad,Capacity64,4,554.6095890410959,0,11936084
Uniform-Broad,Capacity64,5,567.3943661971831,0,11609068
Uniform-Broad,Capacity32,5,522.3974025974026,0,12590116
Uniform-Broad,Capacity8,5,653.2032258064515,0,10137496
Uniform-Broad,MatchedContainedSpanPoint,5,366.56,0,17985880
Uniform-Broad,MatchedContainedPoint,5,396.16336633663366,0,16514308
Uniform-Broad,InternalContainedSpan,5,443.85714285714283,0,14879228
Uniform-Broad,MatchedContainedSpan,5,364.29,0,17985880
Uniform-Broad,MatchedContained,5,378.39339622641506,0,17331848
Uniform-Broad,ContainedSpan,5,372.34907407407405,0,17658864
Uniform-Broad,SpanTraversal,5,547.8337837837837,0,12099592
Uniform-Broad,RootContained,5,559.7111111111111,0,11772576
Uniform-Broad,InternalContained,5,449.64382022471915,0,14552212
Uniform-Broad,Contained,5,383.32761904761907,0,17168340
Uniform-Broad,SIMD,5,734.9454545454546,0,8992940
Uniform-Broad,After,5,390.9116504854369,0,16841324
Uniform-Broad,Before,5,549.8205479452055,0,11936084
Uniform-Broad,Before,6,549.0027397260274,0,11936084
Uniform-Broad,After,6,390.2378640776699,0,16841324
Uniform-Broad,SIMD,6,725.5500000000001,0,9156448
Uniform-Broad,Contained,6,383.7371428571429,0,17168340
Uniform-Broad,InternalContained,6,441.44395604395606,0,14879228
Uniform-Broad,RootContained,6,553.727397260274,0,11936084
Uniform-Broad,SpanTraversal,6,541.65,0,12099592
Uniform-Broad,ContainedSpan,6,376.2616822429907,0,17495356
Uniform-Broad,MatchedContained,6,387.0778846153846,0,17004832
Uniform-Broad,MatchedContainedSpan,6,364.77454545454543,0,17985880
Uniform-Broad,InternalContainedSpan,6,441.4021978021978,0,14879228
Uniform-Broad,MatchedContainedPoint,6,372.28981481481486,0,17658864
Uniform-Broad,MatchedContainedSpanPoint,6,373.6990740740741,0,17658864
Uniform-Broad,Capacity8,6,653.1403225806451,0,10137496
Uniform-Broad,Capacity32,6,524.1142857142858,0,12590116
Uniform-Broad,Capacity64,6,560.8680555555555,0,11772576
Uniform-Broad,Capacity64,7,554.613698630137,0,11936084
Uniform-Broad,Capacity32,7,521.9597402597403,0,12590116
Uniform-Broad,Capacity8,7,650.8306451612904,0,10137496
Uniform-Broad,MatchedContainedSpanPoint,7,374.71588785046725,0,17495356
Uniform-Broad,MatchedContainedPoint,7,380.2367924528302,0,17331848
Uniform-Broad,InternalContainedSpan,7,444.25494505494504,0,14879228
Uniform-Broad,MatchedContainedSpan,7,367.89724770642204,0,17822372
Uniform-Broad,MatchedContained,7,384.7495238095238,0,17168340
Uniform-Broad,ContainedSpan,7,377.3570093457944,0,17495356
Uniform-Broad,SpanTraversal,7,544.4702702702704,0,12099592
Uniform-Broad,RootContained,7,559.276388888889,0,11772576
Uniform-Broad,InternalContained,7,441.00659340659337,0,14879228
Uniform-Broad,Contained,7,393.6254901960785,0,16677816
Uniform-Broad,SIMD,7,727.1357142857142,0,9156448
Uniform-Broad,After,7,372.2583333333333,0,17658864
Uniform-Broad,Before,7,553.1931506849315,0,11936084
Uniform-Broad,Before,8,552.1479452054795,0,11936084
Uniform-Broad,After,8,393.40294117647056,0,16677816
Uniform-Broad,SIMD,8,739.3854545454545,0,8992940
Uniform-Broad,Contained,8,382.20285714285717,0,17168340
Uniform-Broad,InternalContained,8,441.0967032967033,0,14879228
Uniform-Broad,RootContained,8,557.75,0,11772576
Uniform-Broad,SpanTraversal,8,537.8040000000001,0,12263100
Uniform-Broad,ContainedSpan,8,374.25233644859816,0,17495356
Uniform-Broad,MatchedContained,8,377.38037383177567,0,17495356
Uniform-Broad,MatchedContainedSpan,8,369.6211009174312,0,17822372
Uniform-Broad,InternalContainedSpan,8,445.0977777777778,0,14715720
Uniform-Broad,MatchedContainedPoint,8,380.888679245283,0,17331848
Uniform-Broad,MatchedContainedSpanPoint,8,366.5609090909091,0,17985880
Uniform-Broad,Capacity8,8,670.3866666666667,0,9810480
Uniform-Broad,Capacity32,8,526.9184210526316,0,12426608
Uniform-Broad,Capacity64,8,551.0780821917808,0,11936084
Uniform-All,Before,0,1882.4045454545455,0,14080000
Uniform-All,After,0,1139.775,0,23040000
Uniform-All,SIMD,0,1912.804761904762,0,13440000
Uniform-All,Contained,0,1127.85,0,23040000
Uniform-All,InternalContained,0,1137.1805555555557,0,23040000
Uniform-All,RootContained,0,1084.1567567567567,0,23680000
Uniform-All,SpanTraversal,0,1829.940909090909,0,14080000
Uniform-All,ContainedSpan,0,1141.8638888888888,0,23040000
Uniform-All,MatchedContained,0,1157.0428571428572,0,22400000
Uniform-All,MatchedContainedSpan,0,1141.6694444444445,0,23040000
Uniform-All,InternalContainedSpan,0,1164.54,0,22400000
Uniform-All,MatchedContainedPoint,0,1138.2083333333333,0,23040000
Uniform-All,MatchedContainedSpanPoint,0,1152.7914285714285,0,22400000
Uniform-All,Capacity8,0,2257.1000000000004,0,11520000
Uniform-All,Capacity32,0,1718.7416666666668,0,15360000
Uniform-All,Capacity64,0,1729.5708333333332,0,15360000
Uniform-All,Capacity64,1,1760.682608695652,0,14720000
Uniform-All,Capacity32,1,1720.5916666666665,0,15360000
Uniform-All,Capacity8,1,2222.4333333333334,0,11520000
Uniform-All,MatchedContainedSpanPoint,1,1159.3714285714286,0,22400000
Uniform-All,MatchedContainedPoint,1,1147.1257142857144,0,22400000
Uniform-All,InternalContainedSpan,1,1139.9444444444443,0,23040000
Uniform-All,MatchedContainedSpan,1,1168.0457142857142,0,22400000
Uniform-All,MatchedContained,1,1156.097142857143,0,22400000
Uniform-All,ContainedSpan,1,1141.7833333333333,0,23040000
Uniform-All,SpanTraversal,1,1928.890476190476,0,13440000
Uniform-All,RootContained,1,1270.8625,0,20480000
Uniform-All,InternalContained,1,1131.0944444444444,0,23040000
Uniform-All,Contained,1,1129.9250000000002,0,23040000
Uniform-All,SIMD,1,1941.047619047619,0,13440000
Uniform-All,After,1,1141.5083333333334,0,23040000
Uniform-All,Before,1,1872.75,0,14080000
Uniform-All,Before,2,1871.5772727272727,0,14080000
Uniform-All,After,2,1143.38,0,22400000
Uniform-All,SIMD,2,1885.7409090909093,0,14080000
Uniform-All,Contained,2,1145.682857142857,0,22400000
Uniform-All,InternalContained,2,1132.0888888888887,0,23040000
Uniform-All,RootContained,2,1075.2315789473685,0,24320000
Uniform-All,SpanTraversal,2,1821.9681818181818,0,14080000
Uniform-All,ContainedSpan,2,1153.557142857143,0,22400000
Uniform-All,MatchedContained,2,1156.437142857143,0,22400000
Uniform-All,MatchedContainedSpan,2,1134.0277777777778,0,23040000
Uniform-All,InternalContainedSpan,2,1140.638888888889,0,23040000
Uniform-All,MatchedContainedPoint,2,1142.0749999999998,0,23040000
Uniform-All,MatchedContainedSpanPoint,2,1166.3057142857142,0,22400000
Uniform-All,Capacity8,2,2208.878947368421,0,12160000
Uniform-All,Capacity32,2,1717.7041666666667,0,15360000
Uniform-All,Capacity64,2,1725.1291666666666,0,15360000
Uniform-All,Capacity64,3,1729.3291666666667,0,15360000
Uniform-All,Capacity32,3,1719.4041666666665,0,15360000
Uniform-All,Capacity8,3,2229.0944444444444,0,11520000
Uniform-All,MatchedContainedSpanPoint,3,1157.2085714285715,0,22400000
Uniform-All,MatchedContainedPoint,3,1136.3000000000002,0,23040000
Uniform-All,InternalContainedSpan,3,1138.1527777777778,0,23040000
Uniform-All,MatchedContainedSpan,3,1144.662857142857,0,22400000
Uniform-All,MatchedContained,3,1156.497142857143,0,22400000
Uniform-All,ContainedSpan,3,1187.894117647059,0,21760000
Uniform-All,SpanTraversal,3,1886.8681818181817,0,14080000
Uniform-All,RootContained,3,1082.1945945945945,0,23680000
Uniform-All,InternalContained,3,1133.197222222222,0,23040000
Uniform-All,Contained,3,1156.2085714285715,0,22400000
Uniform-All,SIMD,3,1968.2666666666667,0,13440000
Uniform-All,After,3,1149.0857142857142,0,22400000
Uniform-All,Before,3,1874.040909090909,0,14080000
Uniform-All,Before,4,1874.7318181818182,0,14080000
Uniform-All,After,4,1140.1555555555556,0,23040000
Uniform-All,SIMD,4,1923.8476190476192,0,13440000
Uniform-All,Contained,4,1136.3138888888889,0,23040000
Uniform-All,InternalContained,4,1144.3914285714284,0,22400000
Uniform-All,RootContained,4,1111.4416666666666,0,23040000
Uniform-All,SpanTraversal,4,1835.1272727272728,0,14080000
Uniform-All,ContainedSpan,4,1140.2194444444444,0,23040000
Uniform-All,MatchedContained,4,1157.0657142857144,0,22400000
Uniform-All,MatchedContainedSpan,4,1141.8638888888888,0,23040000
Uniform-All,InternalContainedSpan,4,1141.9333333333334,0,23040000
Uniform-All,MatchedContainedPoint,4,1145.4828571428573,0,22400000
Uniform-All,MatchedContainedSpanPoint,4,1154.0314285714285,0,22400000
Uniform-All,Capacity8,4,2259.711111111111,0,11520000
Uniform-All,Capacity32,4,1722.0416666666667,0,15360000
Uniform-All,Capacity64,4,1739.4391304347826,0,14720000
Uniform-All,Capacity64,5,1727.8708333333334,0,15360000
Uniform-All,Capacity32,5,1724.7458333333334,0,15360000
Uniform-All,Capacity8,5,2248.1222222222223,0,11520000
Uniform-All,MatchedContainedSpanPoint,5,1176.764705882353,0,21760000
Uniform-All,MatchedContainedPoint,5,1136.9388888888889,0,23040000
Uniform-All,InternalContainedSpan,5,1142.2388888888888,0,23040000
Uniform-All,MatchedContainedSpan,5,1141.1694444444445,0,23040000
Uniform-All,MatchedContained,5,1169.4571428571428,0,22400000
Uniform-All,ContainedSpan,5,1149.6371428571429,0,22400000
Uniform-All,SpanTraversal,5,1834.3818181818183,0,14080000
Uniform-All,RootContained,5,1083.9297297297298,0,23680000
Uniform-All,InternalContained,5,1148.9514285714286,0,22400000
Uniform-All,Contained,5,1145.7342857142855,0,22400000
Uniform-All,SIMD,5,1970.0714285714287,0,13440000
Uniform-All,After,5,1144.7314285714285,0,22400000
Uniform-All,Before,5,1921.290476190476,0,13440000
Uniform-All,Before,6,1902.7227272727273,0,14080000
Uniform-All,After,6,1160.0657142857144,0,22400000
Uniform-All,SIMD,6,1884.5681818181818,0,14080000
Uniform-All,Contained,6,1133.4444444444443,0,23040000
Uniform-All,InternalContained,6,1129.7305555555556,0,23040000
Uniform-All,RootContained,6,1079.0394736842106,0,24320000
Uniform-All,SpanTraversal,6,1834.940909090909,0,14080000
Uniform-All,ContainedSpan,6,1136.7138888888887,0,23040000
Uniform-All,MatchedContained,6,1163.5485714285714,0,22400000
Uniform-All,MatchedContainedSpan,6,1137.4972222222223,0,23040000
Uniform-All,InternalContainedSpan,6,1139.1222222222223,0,23040000
Uniform-All,MatchedContainedPoint,6,1147.8685714285714,0,22400000
Uniform-All,MatchedContainedSpanPoint,6,1154.5714285714287,0,22400000
Uniform-All,Capacity8,6,2236.9444444444443,0,11520000
Uniform-All,Capacity32,6,1725.1208333333334,0,15360000
Uniform-All,Capacity64,6,1722.8958333333333,0,15360000
Uniform-All,Capacity64,7,1717.4333333333334,0,15360000
Uniform-All,Capacity32,7,1726.875,0,15360000
Uniform-All,Capacity8,7,2376.3705882352942,0,10880000
Uniform-All,MatchedContainedSpanPoint,7,1168.9571428571428,0,22400000
Uniform-All,MatchedContainedPoint,7,1143.0800000000002,0,22400000
Uniform-All,InternalContainedSpan,7,1136.2583333333334,0,23040000
Uniform-All,MatchedContainedSpan,7,1139.927777777778,0,23040000
Uniform-All,MatchedContained,7,1155.6942857142858,0,22400000
Uniform-All,ContainedSpan,7,1137.5194444444444,0,23040000
Uniform-All,SpanTraversal,7,1840.5181818181818,0,14080000
Uniform-All,RootContained,7,1084.7972972972973,0,23680000
Uniform-All,InternalContained,7,1128.4250000000002,0,23040000
Uniform-All,Contained,7,1126.3277777777778,0,23040000
Uniform-All,SIMD,7,1979.6904761904761,0,13440000
Uniform-All,After,7,1134.65,0,23040000
Uniform-All,Before,7,1878.45,0,14080000
Uniform-All,Before,8,1902.9272727272728,0,14080000
Uniform-All,After,8,1139.2472222222223,0,23040000
Uniform-All,SIMD,8,1968.7619047619048,0,13440000
Uniform-All,Contained,8,1126.9083333333333,0,23040000
Uniform-All,InternalContained,8,1129.3805555555555,0,23040000
Uniform-All,RootContained,8,1074.0236842105264,0,24320000
Uniform-All,SpanTraversal,8,1824.9636363636362,0,14080000
Uniform-All,ContainedSpan,8,1137.8583333333333,0,23040000
Uniform-All,MatchedContained,8,1158.142857142857,0,22400000
Uniform-All,MatchedContainedSpan,8,1137.6694444444445,0,23040000
Uniform-All,InternalContainedSpan,8,1142.3583333333333,0,23040000
Uniform-All,MatchedContainedPoint,8,1145.2142857142858,0,22400000
Uniform-All,MatchedContainedSpanPoint,8,1153.3885714285714,0,22400000
Uniform-All,Capacity8,8,2225.233333333333,0,11520000
Uniform-All,Capacity32,8,1717.0125,0,15360000
Uniform-All,Capacity64,8,1726.0583333333334,0,15360000
Uniform-Miss,Before,0,0.3741378504017285,0,0
Uniform-Miss,After,0,0.32316784487982225,0,0
Uniform-Miss,SIMD,0,209.24687500000002,0,0
Uniform-Miss,Contained,0,0.3845858010922237,0,0
Uniform-Miss,InternalContained,0,0.2521009409644097,0,0
Uniform-Miss,RootContained,0,0.37258357473523407,0,0
Uniform-Miss,SpanTraversal,0,0.3638943978457452,0,0
Uniform-Miss,ContainedSpan,0,0.37281437572232784,0,0
Uniform-Miss,MatchedContained,0,0.37516859096408706,0,0
Uniform-Miss,MatchedContainedSpan,0,0.3626195505353144,0,0
Uniform-Miss,InternalContainedSpan,0,0.37008437881647605,0,0
Uniform-Miss,MatchedContainedPoint,0,0.3756849154245678,0,0
Uniform-Miss,MatchedContainedSpanPoint,0,0.3734601846751379,0,0
Uniform-Miss,Capacity8,0,0.34913240813476476,0,0
Uniform-Miss,Capacity32,0,0.3503056416723591,0,0
Uniform-Miss,Capacity64,0,0.3501124736321543,0,0
Uniform-Miss,Capacity64,1,0.3486646211777832,0,0
Uniform-Miss,Capacity32,1,0.3490053397549995,0,0
Uniform-Miss,Capacity8,1,0.3456529816890333,0,0
Uniform-Miss,MatchedContainedSpanPoint,1,0.3720300598033836,0,0
Uniform-Miss,MatchedContainedPoint,1,0.37058060571248574,0,0
Uniform-Miss,InternalContainedSpan,1,0.36920897175558426,0,0
Uniform-Miss,MatchedContainedSpan,1,0.36135653242271487,0,0
Uniform-Miss,MatchedContained,1,0.3621304025059298,0,0
Uniform-Miss,ContainedSpan,1,0.38754153950491693,0,0
Uniform-Miss,SpanTraversal,1,0.36303093008059245,0,0
Uniform-Miss,RootContained,1,0.3739664553766758,0,0
Uniform-Miss,InternalContained,1,0.23947997054403725,0,0
Uniform-Miss,Contained,1,0.36002304147465436,0,0
Uniform-Miss,SIMD,1,203.046192893401,0,0
Uniform-Miss,After,1,0.33342030024422975,0,0
Uniform-Miss,Before,1,0.30531940066101315,0,0
Uniform-Miss,Before,2,0.30266190479793587,0,0
Uniform-Miss,After,2,0.3248836510424704,0,0
Uniform-Miss,SIMD,2,231.4751445086705,0,0
Uniform-Miss,Contained,2,0.3698858907732426,0,0
Uniform-Miss,InternalContained,2,0.23997624247078303,0,0
Uniform-Miss,RootContained,2,0.3699421965317919,0,0
Uniform-Miss,SpanTraversal,2,0.3612423123120411,0,0
Uniform-Miss,ContainedSpan,2,0.3624477849965114,0,0
Uniform-Miss,MatchedContained,2,0.36196418391262253,0,0
Uniform-Miss,MatchedContainedSpan,2,0.3608488949030221,0,0
Uniform-Miss,InternalContainedSpan,2,0.36880387980711604,0,0
Uniform-Miss,MatchedContainedPoint,2,0.37065206312141513,0,0
Uniform-Miss,MatchedContainedSpanPoint,2,0.37007318178874427,0,0
Uniform-Miss,Capacity8,2,0.3483904401902207,0,0
Uniform-Miss,Capacity32,2,0.3471946879611145,0,0
Uniform-Miss,Capacity64,2,0.3531848202302748,0,0
Uniform-Miss,Capacity64,3,0.346939129529724,0,0
Uniform-Miss,Capacity32,3,0.34939990566202545,0,0
Uniform-Miss,Capacity8,3,0.3464840704745075,0,0
Uniform-Miss,MatchedContainedSpanPoint,3,0.370148521723037,0,0
Uniform-Miss,MatchedContainedPoint,3,0.36963729612345797,0,0
Uniform-Miss,InternalContainedSpan,3,0.3682039103059759,0,0
Uniform-Miss,MatchedContainedSpan,3,0.36429872495446264,0,0
Uniform-Miss,MatchedContained,3,0.36218049129415175,0,0
Uniform-Miss,ContainedSpan,3,0.36215900551385705,0,0
Uniform-Miss,SpanTraversal,3,0.3607391508242848,0,0
Uniform-Miss,RootContained,3,0.39709721932672165,0,0
Uniform-Miss,InternalContained,3,0.23918700742671942,0,0
Uniform-Miss,Contained,3,0.36084003139292575,0,0
Uniform-Miss,SIMD,3,199.50945273631842,0,0
Uniform-Miss,After,3,0.32093954346692344,0,0
Uniform-Miss,Before,3,0.30149692474674383,0,0
Uniform-Miss,Before,4,0.3027420795301455,0,0
Uniform-Miss,After,4,0.31888263524609767,0,0
Uniform-Miss,SIMD,4,199.28258706467662,0,0
Uniform-Miss,Contained,4,0.3603807413013316,0,0
Uniform-Miss,InternalContained,4,0.239721922569819,0,0
Uniform-Miss,RootContained,4,0.37693010808416805,0,0
Uniform-Miss,SpanTraversal,4,0.36108197402034686,0,0
Uniform-Miss,ContainedSpan,4,0.3621941722957678,0,0
Uniform-Miss,MatchedContained,4,0.3617897650187225,0,0
Uniform-Miss,MatchedContainedSpan,4,0.3618364873177263,0,0
Uniform-Miss,InternalContainedSpan,4,0.36978829620042525,0,0
Uniform-Miss,MatchedContainedPoint,4,0.3686407328559448,0,0
Uniform-Miss,MatchedContainedSpanPoint,4,0.37083920492472,0,0
Uniform-Miss,Capacity8,4,0.34886053427990826,0,0
Uniform-Miss,Capacity32,4,0.34563380281690137,0,0
Uniform-Miss,Capacity64,4,0.35145987646185345,0,0
Uniform-Miss,Capacity64,5,0.3465333668315588,0,0
Uniform-Miss,Capacity32,5,0.34757696618961964,0,0
Uniform-Miss,Capacity8,5,0.34744929424538545,0,0
Uniform-Miss,MatchedContainedSpanPoint,5,0.3704570502431118,0,0
Uniform-Miss,MatchedContainedPoint,5,0.37032236561927157,0,0
Uniform-Miss,InternalContainedSpan,5,0.3703722222222222,0,0
Uniform-Miss,MatchedContainedSpan,5,0.36100105592808857,0,0
Uniform-Miss,MatchedContained,5,0.3617897650187225,0,0
Uniform-Miss,ContainedSpan,5,0.36354142998663985,0,0
Uniform-Miss,SpanTraversal,5,0.360723786849913,0,0
Uniform-Miss,RootContained,5,0.3718112695432321,0,0
Uniform-Miss,InternalContained,5,0.23914350966137363,0,0
Uniform-Miss,Contained,5,0.36036216216216216,0,0
Uniform-Miss,SIMD,5,198.94356435643564,0,0
Uniform-Miss,After,5,0.3187224107982343,0,0
Uniform-Miss,Before,5,0.3020182267088483,0,0
Uniform-Miss,Before,6,0.3019255300680087,0,0
Uniform-Miss,After,6,0.31752915307248375,0,0
Uniform-Miss,SIMD,6,198.84158415841586,0,0
Uniform-Miss,Contained,6,0.3607926614772656,0,0
Uniform-Miss,InternalContained,6,0.23986052145547,0,0
Uniform-Miss,RootContained,6,0.3715695017277895,0,0
Uniform-Miss,SpanTraversal,6,0.3655465794235374,0,0
Uniform-Miss,ContainedSpan,6,0.3640500568828214,0,0
Uniform-Miss,MatchedContained,6,0.36115931560651887,0,0
Uniform-Miss,MatchedContainedSpan,6,0.36156738678477807,0,0
Uniform-Miss,InternalContainedSpan,6,0.3688140812864203,0,0
Uniform-Miss,MatchedContainedPoint,6,0.37504195771412496,0,0
Uniform-Miss,MatchedContainedSpanPoint,6,0.3722496719984368,0,0
Uniform-Miss,Capacity8,6,0.34556897505010714,0,0
Uniform-Miss,Capacity32,6,0.3497927488325725,0,0
Uniform-Miss,Capacity64,6,0.34624326991326626,0,0
Uniform-Miss,Capacity64,7,0.34585621028057584,0,0
Uniform-Miss,Capacity32,7,0.3491162993672267,0,0
Uniform-Miss,Capacity8,7,0.3503604305897398,0,0
Uniform-Miss,MatchedContainedSpanPoint,7,0.36897986292398094,0,0
Uniform-Miss,MatchedContainedPoint,7,0.36964818733770133,0,0
Uniform-Miss,InternalContainedSpan,7,0.3698747052568311,0,0
Uniform-Miss,MatchedContainedSpan,7,0.3679025063232927,0,0
Uniform-Miss,MatchedContained,7,0.3604415408875873,0,0
Uniform-Miss,ContainedSpan,7,0.3627196721014164,0,0
Uniform-Miss,SpanTraversal,7,0.36027128291962385,0,0
Uniform-Miss,RootContained,7,0.37954454881867344,0,0
Uniform-Miss,InternalContained,7,0.23933930879326026,0,0
Uniform-Miss,Contained,7,0.36002898211569445,0,0
Uniform-Miss,SIMD,7,198.780198019802,0,0
Uniform-Miss,After,7,0.317502222504445,0,0
Uniform-Miss,Before,7,0.30244450157270747,0,0
Uniform-Miss,Before,8,0.3020760174297862,0,0
Uniform-Miss,After,8,0.3184898839903498,0,0
Uniform-Miss,SIMD,8,199.2646766169154,0,0
Uniform-Miss,Contained,8,0.360515713860824,0,0
Uniform-Miss,InternalContained,8,0.23919153261974527,0,0
Uniform-Miss,RootContained,8,0.3705824586108821,0,0
Uniform-Miss,SpanTraversal,8,0.36002394153225803,0,0
Uniform-Miss,ContainedSpan,8,0.36290997178396134,0,0
Uniform-Miss,MatchedContained,8,0.3613378500451671,0,0
Uniform-Miss,MatchedContainedSpan,8,0.3615454142827445,0,0
Uniform-Miss,InternalContainedSpan,8,0.3701955558023526,0,0
Uniform-Miss,MatchedContainedPoint,8,0.3697746223676669,0,0
Uniform-Miss,MatchedContainedSpanPoint,8,0.3828219508460302,0,0
Uniform-Miss,Capacity8,8,0.34693183690815893,0,0
Uniform-Miss,Capacity32,8,0.346943006080161,0,0
Uniform-Miss,Capacity64,8,0.3493358252622202,0,0
Clustered-Point,Before,0,1.2496251171508903,0,224070
Clustered-Point,After,0,1.108144721167964,0,252679
Clustered-Point,SIMD,0,197.2862068965517,0,1421
Clustered-Point,Contained,0,1.311233855634957,0,213542
Clustered-Point,InternalContained,0,1.4724003386461515,0,190169
Clustered-Point,RootContained,0,1.3060436869428935,0,214389
Clustered-Point,SpanTraversal,0,1.1221966615233552,0,249515
Clustered-Point,ContainedSpan,0,1.1602256576848333,0,241339
Clustered-Point,MatchedContained,0,1.3300039898922729,0,210532
Clustered-Point,MatchedContainedSpan,0,1.1778451753481936,0,237727
Clustered-Point,InternalContainedSpan,0,1.1663653593818342,0,240065
Clustered-Point,MatchedContainedPoint,0,1.3304806253118244,0,210455
Clustered-Point,MatchedContainedSpanPoint,0,1.317716431677428,0,212492
Clustered-Point,Capacity8,0,1.1579331306990883,0,241815
Clustered-Point,Capacity32,0,1.5020013517572846,0,186424
Clustered-Point,Capacity64,0,2.8872527789807996,0,96978
Clustered-Point,Capacity64,1,2.9153997522046495,0,96047
Clustered-Point,Capacity32,1,1.4885605835069962,0,188104
Clustered-Point,Capacity8,1,1.1582452584334733,0,241745
Clustered-Point,MatchedContainedSpanPoint,1,1.3011091955892398,0,215201
Clustered-Point,MatchedContainedPoint,1,1.32265317594154,0,211701
Clustered-Point,InternalContainedSpan,1,1.1526857241657542,0,242914
Clustered-Point,MatchedContainedSpan,1,1.1765920522399034,0,237979
Clustered-Point,MatchedContained,1,1.3047426446604475,0,214606
Clustered-Point,ContainedSpan,1,1.1728720129013341,0,238735
Clustered-Point,SpanTraversal,1,1.1181584390898418,0,250418
Clustered-Point,RootContained,1,1.3061551020408164,0,214375
Clustered-Point,InternalContained,1,1.254736511919699,0,223160
Clustered-Point,Contained,1,1.3117334557617892,0,213458
Clustered-Point,SIMD,1,198.26287128712872,0,1414
Clustered-Point,After,1,1.1109287340998721,0,252042
Clustered-Point,Before,1,1.2491412154144026,0,224154
Clustered-Point,Before,2,1.246017506152073,0,224721
Clustered-Point,After,2,1.1146913752264176,0,251195
Clustered-Point,SIMD,2,197.90935960591133,0,1421
Clustered-Point,Contained,2,1.314060446780552,0,213080
Clustered-Point,InternalContained,2,1.2576733218047478,0,222635
Clustered-Point,RootContained,2,1.304840814196242,0,214592
Clustered-Point,SpanTraversal,2,1.1217302299495233,0,249620
Clustered-Point,ContainedSpan,2,1.166093344605428,0,240121
Clustered-Point,MatchedContained,2,1.3044120524359224,0,214662
Clustered-Point,MatchedContainedSpan,2,1.1792859459300096,0,237433
Clustered-Point,InternalContainedSpan,2,1.147359664974328,0,244041
Clustered-Point,MatchedContainedPoint,2,1.3128195871213366,0,213283
Clustered-Point,MatchedContainedSpanPoint,2,1.3035913312693497,0,214795
Clustered-Point,Capacity8,2,1.1570056693277797,0,242004
Clustered-Point,Capacity32,2,1.4890001488981537,0,188048
Clustered-Point,Capacity64,2,2.880620769119977,0,97202
Clustered-Point,Capacity64,3,2.884187756867835,0,97083
Clustered-Point,Capacity32,3,1.483602848453379,0,188734
Clustered-Point,Capacity8,3,1.1574305555555557,0,241920
Clustered-Point,MatchedContainedSpanPoint,3,1.299717312191318,0,215432
Clustered-Point,MatchedContainedPoint,3,1.3027291971991533,0,214935
Clustered-Point,InternalContainedSpan,3,1.151527190027924,0,243159
Clustered-Point,MatchedContainedSpan,3,1.1786922442244223,0,237552
Clustered-Point,MatchedContained,3,1.3089531725514578,0,213913
Clustered-Point,ContainedSpan,3,1.1806901030136663,0,237153
Clustered-Point,SpanTraversal,3,1.1273003973733902,0,248381
Clustered-Point,RootContained,3,1.3057189489146401,0,214445
Clustered-Point,InternalContained,3,1.2574724929267524,0,222670
Clustered-Point,Contained,3,1.3253437593187767,0,211267
Clustered-Point,SIMD,3,198.9742574257426,0,1414
Clustered-Point,After,3,1.1166601529786164,0,250754
Clustered-Point,Before,3,1.249735995251039,0,224049
Clustered-Point,Before,4,1.2460702158811252,0,224707
Clustered-Point,After,4,1.10988346281909,0,252280
Clustered-Point,SIMD,4,197.67093596059112,0,1421
Clustered-Point,Contained,4,1.312832715218747,0,213283
Clustered-Point,InternalContained,4,1.261549135864766,0,221956
Clustered-Point,RootContained,4,1.3072222222222223,0,214200
Clustered-Point,SpanTraversal,4,1.1197178367484044,0,250068
Clustered-Point,ContainedSpan,4,1.1610780528867088,0,241157
Clustered-Point,MatchedContained,4,1.307787876806382,0,214102
Clustered-Point,MatchedContainedSpan,4,1.1823362497044219,0,236824
Clustered-Point,InternalContainedSpan,4,1.1489559098089903,0,243705
Clustered-Point,MatchedContainedPoint,4,1.314329368469475,0,213038
Clustered-Point,MatchedContainedSpanPoint,4,1.3028433703546884,0,214921
Clustered-Point,Capacity8,4,1.1546546199809484,0,242501
Clustered-Point,Capacity32,4,1.4916915274463005,0,187712
Clustered-Point,Capacity64,4,2.8914919762902995,0,96838
Clustered-Point,Capacity64,5,2.877548377814546,0,97307
Clustered-Point,Capacity32,5,1.4846967559943582,0,188594
Clustered-Point,Capacity8,5,1.1486288585786073,0,243775
Clustered-Point,MatchedContainedSpanPoint,5,1.3028270853011106,0,214921
Clustered-Point,MatchedContainedPoint,5,1.309368248772504,0,213850
Clustered-Point,InternalContainedSpan,5,1.1502027201886305,0,243439
Clustered-Point,MatchedContainedSpan,5,1.1830967169476487,0,236670
Clustered-Point,MatchedContained,5,1.3081692720256393,0,214046
Clustered-Point,ContainedSpan,5,1.1676474881046208,0,239799
Clustered-Point,SpanTraversal,5,1.1156100962208897,0,250985
Clustered-Point,RootContained,5,1.3076462896371364,0,214130
Clustered-Point,InternalContained,5,1.257162612357785,0,222726
Clustered-Point,Contained,5,1.3349753036977705,0,209748
Clustered-Point,SIMD,5,199.69303482587065,0,1407
Clustered-Point,After,5,1.1140084106163144,0,251349
Clustered-Point,Before,5,1.2491599525326338,0,224154
Clustered-Point,Before,6,1.2609545425887396,0,222054
Clustered-Point,After,6,1.1114476243400944,0,251930
Clustered-Point,SIMD,6,197.93940886699505,0,1421
Clustered-Point,Contained,6,1.3113427747180697,0,213528
Clustered-Point,InternalContained,6,1.2573696287681135,0,222691
Clustered-Point,RootContained,6,1.3080706344015698,0,214060
Clustered-Point,SpanTraversal,6,1.1245052288316655,0,249004
Clustered-Point,ContainedSpan,6,1.1674546887312844,0,239841
Clustered-Point,MatchedContained,6,1.3092265898602429,0,213871
Clustered-Point,MatchedContainedSpan,6,1.174878843951009,0,238329
Clustered-Point,InternalContainedSpan,6,1.1521241971254932,0,243033
Clustered-Point,MatchedContainedPoint,6,1.3109596224436288,0,213584
Clustered-Point,MatchedContainedSpanPoint,6,1.3019039869812856,0,215075
Clustered-Point,Capacity8,6,1.1484137693434011,0,243817
Clustered-Point,Capacity32,6,1.499951252437378,0,186676
Clustered-Point,Capacity64,6,2.8918022121014966,0,96831
Clustered-Point,Capacity64,7,2.8797350802677992,0,97237
Clustered-Point,Capacity32,7,1.4819828831832833,0,188937
Clustered-Point,Capacity8,7,1.1532174364296834,0,242802
Clustered-Point,MatchedContainedSpanPoint,7,1.3007967220578194,0,215257
Clustered-Point,MatchedContainedPoint,7,1.3176026878355676,0,212513
Clustered-Point,InternalContainedSpan,7,1.1546821777033658,0,242494
Clustered-Point,MatchedContainedSpan,7,1.190526503764993,0,235193
Clustered-Point,MatchedContained,7,1.3076168682576006,0,214130
Clustered-Point,ContainedSpan,7,1.1794804505513947,0,237398
Clustered-Point,SpanTraversal,7,1.1252067510548522,0,248850
Clustered-Point,RootContained,7,1.3120477580608128,0,213409
Clustered-Point,InternalContained,7,1.2648842651151024,0,221368
Clustered-Point,Contained,7,1.3087652139772281,0,213948
Clustered-Point,SIMD,7,197.72758620689655,0,1421
Clustered-Point,After,7,1.109928133411027,0,252273
Clustered-Point,Before,7,1.2485065076937483,0,224273
Clustered-Point,Before,8,1.2461246105919002,0,224700
Clustered-Point,After,8,1.1116051578479325,0,251888
Clustered-Point,SIMD,8,197.7463054187192,0,1421
Clustered-Point,Contained,8,1.3156958194914976,0,212821
Clustered-Point,InternalContained,8,1.253465780897468,0,223384
Clustered-Point,RootContained,8,1.308808035860354,0,213941
Clustered-Point,SpanTraversal,8,1.1138843251371446,0,251377
Clustered-Point,ContainedSpan,8,1.1593646745116226,0,241514
Clustered-Point,MatchedContained,8,1.3074984473572386,0,214151
Clustered-Point,MatchedContainedSpan,8,1.1798802430535074,0,237314
Clustered-Point,InternalContainedSpan,8,1.1554274985557482,0,242340
Clustered-Point,MatchedContainedPoint,8,1.3102525467588193,0,213703
Clustered-Point,MatchedContainedSpanPoint,8,1.3008325203252031,0,215250
Clustered-Point,Capacity8,8,1.1550345066558863,0,242417
Clustered-Point,Capacity32,8,1.5076624453490126,0,185724
Clustered-Point,Capacity64,8,2.926077097505669,0,95697
Clustered-Small,Before,0,2.834020545518951,0,5702460
Clustered-Small,After,0,2.455007978396956,0,6582776
Clustered-Small,SIMD,0,203.8761421319797,0,79588
Clustered-Small,Contained,0,2.8373102567740105,0,5695592
Clustered-Small,InternalContained,0,3.108174048174048,0,5199480
Clustered-Small,RootContained,0,2.968205090153595,0,5444708
Clustered-Small,SpanTraversal,0,2.6790837854128995,0,6032124
Clustered-Small,ContainedSpan,0,2.576655501159495,0,6271696
Clustered-Small,MatchedContained,0,2.9993476793881686,0,5388148
Clustered-Small,MatchedContainedSpan,0,2.524021958606764,0,6402592
Clustered-Small,InternalContainedSpan,0,2.833491535028689,0,5703268
Clustered-Small,MatchedContainedPoint,0,2.829518285350499,0,5711348
Clustered-Small,MatchedContainedSpanPoint,0,2.7252350456465457,0,5929912
Clustered-Small,Capacity8,0,2.952757067985532,0,5472988
Clustered-Small,Capacity32,0,2.979731843575419,0,5423700
Clustered-Small,Capacity64,0,4.1800417972831765,0,3866280
Clustered-Small,Capacity64,1,4.1888900523560215,0,3858200
Clustered-Small,Capacity32,1,2.965762158956109,0,5449152
Clustered-Small,Capacity8,1,2.9438916691198114,0,5489552
Clustered-Small,MatchedContainedSpanPoint,1,2.7321152926712657,0,5914964
Clustered-Small,MatchedContainedPoint,1,2.871054331443336,0,5628932
Clustered-Small,InternalContainedSpan,1,2.8100175623463293,0,5750940
Clustered-Small,MatchedContainedSpan,1,2.5136420761593565,0,6429256
Clustered-Small,MatchedContained,1,2.998201169239994,0,5390168
Clustered-Small,ContainedSpan,1,2.57867457452295,0,6266848
Clustered-Small,SpanTraversal,1,2.6813057175413904,0,6027276
Clustered-Small,RootContained,1,2.9703200415831295,0,5440668
Clustered-Small,InternalContained,1,3.1274980453479277,0,5167160
Clustered-Small,Contained,1,2.8433892522035826,0,5683472
Clustered-Small,SIMD,1,203.66903553299494,0,79588
Clustered-Small,After,1,2.4623207140658665,0,6562980
Clustered-Small,Before,1,2.8674982078853044,0,5635800
Clustered-Small,Before,2,2.864072456504618,0,5642668
Clustered-Small,After,2,2.4848749922451763,0,6512076
Clustered-Small,SIMD,2,205.88410256410256,0,78780
Clustered-Small,Contained,2,2.840668939071155,0,5689128
Clustered-Small,InternalContained,2,3.1263696756545527,0,5169180
Clustered-Small,RootContained,2,2.9677795088656427,0,5445516
Clustered-Small,SpanTraversal,2,2.685198362086326,0,6018388
Clustered-Small,ContainedSpan,2,2.595276714461818,0,6226852
Clustered-Small,MatchedContained,2,3.0183581075982797,0,5354212
Clustered-Small,MatchedContainedSpan,2,2.592081389320892,0,6234528
Clustered-Small,InternalContainedSpan,2,2.8076577525093,0,5755788
Clustered-Small,MatchedContainedPoint,2,2.9246764641368723,0,5525508
Clustered-Small,MatchedContainedSpanPoint,2,2.732807269249163,0,5913348
Clustered-Small,Capacity8,2,2.9504351674288243,0,5477432
Clustered-Small,Capacity32,2,2.960602472059803,0,5458444
Clustered-Small,Capacity64,2,4.191418692372171,0,3855776
Clustered-Small,Capacity64,3,4.201606974057347,0,3846484
Clustered-Small,Capacity32,3,2.971120849736314,0,5439052
Clustered-Small,Capacity8,3,2.9646186911732006,0,5451172
Clustered-Small,MatchedContainedSpanPoint,3,2.843495877168041,0,5683472
Clustered-Small,MatchedContainedPoint,3,2.883213204555283,0,5605096
Clustered-Small,InternalContainedSpan,3,2.8357720119098255,0,5698824
Clustered-Small,MatchedContainedSpan,3,2.510171937751004,0,6438144
Clustered-Small,MatchedContained,3,3.031418611700515,0,5331184
Clustered-Small,ContainedSpan,3,2.5714258164052453,0,6284624
Clustered-Small,SpanTraversal,3,2.7211020408163265,0,5938800
Clustered-Small,RootContained,3,3.0015607413521423,0,5384108
Clustered-Small,InternalContained,3,3.119151590767311,0,5180896
Clustered-Small,Contained,3,2.869696534902073,0,5631356
Clustered-Small,SIMD,3,205.90974358974358,0,78780
Clustered-Small,After,3,2.4790406544372834,0,6518944
Clustered-Small,Before,3,2.899325940421831,0,5573988
Clustered-Small,Before,4,2.8775052154521257,0,5616004
Clustered-Small,After,4,2.461377061284765,0,6565808
Clustered-Small,SIMD,4,206.80103092783506,0,78376
Clustered-Small,Contained,4,2.8486896453496655,0,5672968
Clustered-Small,InternalContained,4,3.13915875382563,0,5148172
Clustered-Small,RootContained,4,3.0163399185643187,0,5357848
Clustered-Small,SpanTraversal,4,2.9365952136250186,0,5503288
Clustered-Small,ContainedSpan,4,2.7272652894252407,0,5925468
Clustered-Small,MatchedContained,4,3.0217102281311377,0,5348152
Clustered-Small,MatchedContainedSpan,4,2.5579613761350557,0,6317752
Clustered-Small,InternalContainedSpan,4,2.8030341251489035,0,5765484
Clustered-Small,MatchedContainedPoint,4,2.9440200191359387,0,5489148
Clustered-Small,MatchedContainedSpanPoint,4,2.781095738024056,0,5810732
Clustered-Small,Capacity8,4,2.9533372711163617,0,5471776
Clustered-Small,Capacity32,4,2.971961367013373,0,5437840
Clustered-Small,Capacity64,4,4.183601756954612,0,3863048
Clustered-Small,Capacity64,5,4.195773022865533,0,3851736
Clustered-Small,Capacity32,5,2.952801358234295,0,5472988
Clustered-Small,Capacity8,5,2.9431062389640963,0,5491168
Clustered-Small,MatchedContainedSpanPoint,5,2.726129625843386,0,5927892
Clustered-Small,MatchedContainedPoint,5,2.902430706718909,0,5567928
Clustered-Small,InternalContainedSpan,5,2.821661846653029,0,5727508
Clustered-Small,MatchedContainedSpan,5,2.552625869440367,0,6331084
Clustered-Small,MatchedContained,5,3.032797573919636,0,5328760
Clustered-Small,ContainedSpan,5,2.5905899876950977,0,6238164
Clustered-Small,SpanTraversal,5,2.6928508919555707,0,6001420
Clustered-Small,RootContained,5,3.0619335578689526,0,5277856
Clustered-Small,InternalContained,5,3.1266218539940596,0,5168776
Clustered-Small,Contained,5,2.8409872159090908,0,5688320
Clustered-Small,SIMD,5,204.72295918367345,0,79184
Clustered-Small,After,5,2.4535484266699377,0,6586412
Clustered-Small,Before,5,2.8777625899280577,0,5615600
Clustered-Small,Before,6,2.8558078103805244,0,5658828
Clustered-Small,After,6,2.469654874359449,0,6543588
Clustered-Small,SIMD,6,205.16666666666666,0,78780
Clustered-Small,Contained,6,2.8479709525843657,0,5674584
Clustered-Small,InternalContained,6,3.1122539484945153,0,5192612
Clustered-Small,RootContained,6,2.9921235694517163,0,5401076
Clustered-Small,SpanTraversal,6,2.708219363574814,0,5967080
Clustered-Small,ContainedSpan,6,2.6002210088403537,0,6215136
Clustered-Small,MatchedContained,6,3.019802204439076,0,5351384
Clustered-Small,MatchedContainedSpan,6,2.517331655129012,0,6419560
Clustered-Small,InternalContainedSpan,6,2.8391085243807224,0,5691956
Clustered-Small,MatchedContainedPoint,6,2.8786557282671272,0,5613984
Clustered-Small,MatchedContainedSpanPoint,6,2.767949072792693,0,5838608
Clustered-Small,Capacity8,6,2.9586834319526627,0,5462080
Clustered-Small,Capacity32,6,2.9728225326991677,0,5436224
Clustered-Small,Capacity64,6,4.198541141897564,0,3849312
Clustered-Small,Capacity64,7,4.217640236187263,0,3831536
Clustered-Small,Capacity32,7,3.0035666015918308,0,5380472
Clustered-Small,Capacity8,7,3.0122138554216864,0,5365120
Clustered-Small,MatchedContainedSpanPoint,7,2.763502590673575,0,5847900
Clustered-Small,MatchedContainedPoint,7,2.8715362526920316,0,5627720
Clustered-Small,InternalContainedSpan,7,2.795666759854627,0,5780432
Clustered-Small,MatchedContainedSpan,7,2.5222838766630935,0,6407036
Clustered-Small,MatchedContained,7,3.0076616541353385,0,5373200
Clustered-Small,ContainedSpan,7,2.59040927341018,0,6238568
Clustered-Small,SpanTraversal,7,2.6888821671035825,0,6010308
Clustered-Small,RootContained,7,2.9983809309646956,0,5389764
Clustered-Small,InternalContained,7,3.113754183856153,0,5190188
Clustered-Small,Contained,7,2.845539906103286,0,5679432
Clustered-Small,SIMD,7,206.52164948453606,0,78376
Clustered-Small,After,7,2.445790278202385,0,6607420
Clustered-Small,Before,7,2.8579266985782668,0,5654788
Clustered-Small,Before,8,2.8746460653970534,0,5621660
Clustered-Small,After,8,2.855653912050257,0,5659232
Clustered-Small,SIMD,8,238.78214285714287,0,67872
Clustered-Small,Contained,8,2.9029027576197386,0,5567120
Clustered-Small,InternalContained,8,3.1310425798371946,0,5161504
Clustered-Small,RootContained,8,3.027419965185802,0,5338052
Clustered-Small,SpanTraversal,8,2.800034999300014,0,5771544
Clustered-Small,ContainedSpan,8,2.5906482740755132,0,6238164
Clustered-Small,MatchedContained,8,3.0580154422444767,0,5284724
Clustered-Small,MatchedContainedSpan,8,2.5189168765743073,0,6415520
Clustered-Small,InternalContainedSpan,8,2.7940350632115662,0,5784068
Clustered-Small,MatchedContainedPoint,8,2.95147199881945,0,5475412
Clustered-Small,MatchedContainedSpanPoint,8,2.753055746730902,0,5870120
Clustered-Small,Capacity8,8,2.9633009852581673,0,5453596
Clustered-Small,Capacity32,8,2.989492564083402,0,5405924
Clustered-Small,Capacity64,8,4.183809224976467,0,3862644
Clustered-Medium,Before,0,61.777006172839506,0,12769488
Clustered-Medium,After,0,40.606288032454366,0,19430116
Clustered-Medium,SIMD,0,253.25886075949367,0,3113548
Clustered-Medium,Contained,0,42.97744360902256,0,18346286
Clustered-Medium,InternalContained,0,48.701216545012166,0,16198332
Clustered-Medium,RootContained,0,62.52734375,0,12611840
Clustered-Medium,SpanTraversal,0,61.21207951070336,0,12887724
Clustered-Medium,ContainedSpan,0,41.408178053830234,0,19035996
Clustered-Medium,MatchedContained,0,42.95751072961374,0,18365992
Clustered-Medium,MatchedContainedSpan,0,40.575557809330626,0,19430116
Clustered-Medium,InternalContainedSpan,0,48.52315151515151,0,16257450
Clustered-Medium,MatchedContainedPoint,0,42.09800210304942,0,18740406
Clustered-Medium,MatchedContainedSpanPoint,0,40.56815415821501,0,19430116
Clustered-Medium,Capacity8,0,72.49311594202898,0,10877712
Clustered-Medium,Capacity32,0,63.63402225755167,0,12395074
Clustered-Medium,Capacity64,0,61.51658986175116,0,12828606
Clustered-Medium,Capacity64,1,61.47818740399386,0,12828606
Clustered-Medium,Capacity32,1,64.05152,0,12316250
Clustered-Medium,Capacity8,1,72.4110307414105,0,10897418
Clustered-Medium,MatchedContainedSpanPoint,1,40.32379032258064,0,19548352
Clustered-Medium,MatchedContainedPoint,1,41.90031413612566,0,18819230
Clustered-Medium,InternalContainedSpan,1,48.29336550060313,0,16336274
Clustered-Medium,MatchedContainedSpan,1,40.858937691521966,0,19292174
Clustered-Medium,MatchedContained,1,43.05161290322581,0,18326580
Clustered-Medium,ContainedSpan,1,41.45533678756477,0,19016290
Clustered-Medium,SpanTraversal,1,60.85577507598784,0,12966548
Clustered-Medium,RootContained,1,61.91097372488408,0,12749782
Clustered-Medium,InternalContained,1,48.727649208282585,0,16178626
Clustered-Medium,Contained,1,42.241182682154175,0,18661582
Clustered-Medium,SIMD,1,252.67044025157233,0,3133254
Clustered-Medium,After,1,40.25110663983903,0,19587764
Clustered-Medium,Before,1,61.907109737248845,0,12749782
Clustered-Medium,Before,2,61.67057010785824,0,12789194
Clustered-Medium,After,2,40.450151668351864,0,19489234
Clustered-Medium,SIMD,2,249.45341614906832,0,3172666
Clustered-Medium,Contained,2,42.500318471337586,0,18563052
Clustered-Medium,InternalContained,2,48.788536585365854,0,16158920
Clustered-Medium,RootContained,2,62.820722135007856,0,12552722
Clustered-Medium,SpanTraversal,2,60.8910197869102,0,12946842
Clustered-Medium,ContainedSpan,2,41.93962264150944,0,18799524
Clustered-Medium,MatchedContained,2,42.98238453276047,0,18346286
Clustered-Medium,MatchedContainedSpan,2,40.58610547667343,0,19430116
Clustered-Medium,InternalContainedSpan,2,48.501939393939395,0,16257450
Clustered-Medium,MatchedContainedPoint,2,41.88869109947644,0,18819230
Clustered-Medium,MatchedContainedSpanPoint,2,40.48866396761134,0,19469528
Clustered-Medium,Capacity8,2,72.89854280510019,0,10818594
Clustered-Medium,Capacity32,2,65.87878289473684,0,11981248
Clustered-Medium,Capacity64,2,62.89575471698113,0,12533016
Clustered-Medium,Capacity64,3,62.565312500000005,0,12611840
Clustered-Medium,Capacity32,3,65.19934853420196,0,12099484
Clustered-Medium,Capacity8,3,72.3372513562387,0,10897418
Clustered-Medium,MatchedContainedSpanPoint,3,40.6248730964467,0,19410410
Clustered-Medium,MatchedContainedPoint,3,41.9562893081761,0,18799524
Clustered-Medium,InternalContainedSpan,3,48.6456865127582,0,16218038
Clustered-Medium,MatchedContainedSpan,3,40.470879676440845,0,19489234
Clustered-Medium,MatchedContained,3,43.12359913793103,0,18287168
Clustered-Medium,ContainedSpan,3,41.226879505664265,0,19134526
Clustered-Medium,SpanTraversal,3,61.62169230769231,0,12808900
Clustered-Medium,RootContained,3,62.10790697674418,0,12710370
Clustered-Medium,InternalContained,3,48.97074663402692,0,16099802
Clustered-Medium,Contained,3,42.82427807486631,0,18425110
Clustered-Medium,SIMD,3,252.1522012578616,0,3133254
Clustered-Medium,After,3,41.81786833855799,0,18858642
Clustered-Medium,Before,3,61.71402157164869,0,12789194
Clustered-Medium,Before,4,62.103100775193795,0,12710370
Clustered-Medium,After,4,40.35766129032258,0,19548352
Clustered-Medium,SIMD,4,249.69689440993787,0,3172666
Clustered-Medium,Contained,4,42.556382978723406,0,18523640
Clustered-Medium,InternalContained,4,49.15184275184275,0,16040684
Clustered-Medium,RootContained,4,62.798744113029834,0,12552722
Clustered-Medium,SpanTraversal,4,66.27715231788079,0,11902424
Clustered-Medium,ContainedSpan,4,41.607068607068605,0,18957172
Clustered-Medium,MatchedContained,4,43.545048966267686,0,18109814
Clustered-Medium,MatchedContainedSpan,4,41.068377823408625,0,19193644
Clustered-Medium,InternalContainedSpan,4,49.106257668711656,0,16060390
Clustered-Medium,MatchedContainedPoint,4,44.32436323366556,0,17794518
Clustered-Medium,MatchedContainedSpanPoint,4,40.916359918200406,0,19272468
Clustered-Medium,Capacity8,4,72.73127272727272,0,10838300
Clustered-Medium,Capacity32,4,64.03728000000001,0,12316250
Clustered-Medium,Capacity64,4,61.24571865443425,0,12887724
Clustered-Medium,Capacity64,5,61.39156441717792,0,12848312
Clustered-Medium,Capacity32,5,63.77914012738854,0,12375368
Clustered-Medium,Capacity8,5,72.37902350813744,0,10897418
Clustered-Medium,MatchedContainedSpanPoint,5,40.557041540020265,0,19449822
Clustered-Medium,MatchedContainedPoint,5,42.46794055201699,0,18563052
Clustered-Medium,InternalContainedSpan,5,48.67992700729927,0,16198332
Clustered-Medium,MatchedContainedSpan,5,40.458442871587465,0,19489234
Clustered-Medium,MatchedContained,5,44.107607497243656,0,17873342
Clustered-Medium,ContainedSpan,5,42.830406852248395,0,18405404
Clustered-Medium,SpanTraversal,5,64.44975845410629,0,12237426
Clustered-Medium,RootContained,5,65.47823240589197,0,12040366
Clustered-Medium,InternalContained,5,48.8973137973138,0,16139214
Clustered-Medium,Contained,5,42.4823779193206,0,18563052
Clustered-Medium,SIMD,5,248.63726708074535,0,3172666
Clustered-Medium,After,5,40.308660624370596,0,19568058
Clustered-Medium,Before,5,61.74799382716049,0,12769488
Clustered-Medium,Before,6,62.6754303599374,0,12592134
Clustered-Medium,After,6,40.52580971659919,0,19469528
Clustered-Medium,SIMD,6,271.3966216216216,0,2916488
Clustered-Medium,Contained,6,44.04466446644664,0,17912754
Clustered-Medium,InternalContained,6,49.31773399014779,0,16001272
Clustered-Medium,RootContained,6,64.63327948303716,0,12198014
Clustered-Medium,SpanTraversal,6,62.812872841444275,0,12552722
Clustered-Medium,ContainedSpan,6,44.90942760942761,0,17558046
Clustered-Medium,MatchedContained,6,48.69172749391727,0,16198332
Clustered-Medium,MatchedContainedSpan,6,41.0348717948718,0,19213350
Clustered-Medium,InternalContainedSpan,6,49.386049382716045,0,15961860
Clustered-Medium,MatchedContainedPoint,6,43.71672131147541,0,18030990
Clustered-Medium,MatchedContainedSpanPoint,6,41.83301985370951,0,18858642
Clustered-Medium,Capacity8,6,73.91236162361623,0,10680652
Clustered-Medium,Capacity32,6,65.92817133443164,0,11961542
Clustered-Medium,Capacity64,6,66.0410891089109,0,11941836
Clustered-Medium,Capacity64,7,63.18548895899053,0,12493604
Clustered-Medium,Capacity32,7,67.0463986599665,0,11764482
Clustered-Medium,Capacity8,7,74.30723562152133,0,10621534
Clustered-Medium,MatchedContainedSpanPoint,7,41.40020682523268,0,19055702
Clustered-Medium,MatchedContainedPoint,7,42.96917293233083,0,18346286
Clustered-Medium,InternalContainedSpan,7,50.34188679245283,0,15666270
Clustered-Medium,MatchedContainedSpan,7,43.16591154261057,0,18267462
Clustered-Medium,MatchedContained,7,45.8947247706422,0,17183632
Clustered-Medium,ContainedSpan,7,43.56104461371056,0,18109814
Clustered-Medium,SpanTraversal,7,65.63311475409836,0,12020660
Clustered-Medium,RootContained,7,67.15654362416107,0,11744776
Clustered-Medium,InternalContained,7,51.958625162127106,0,15193326
Clustered-Medium,Contained,7,46.44895591647332,0,16986572
Clustered-Medium,SIMD,7,256.1095541401274,0,3093842
Clustered-Medium,After,7,42.03865546218488,0,18760112
Clustered-Medium,Before,7,69.91675392670157,0,11291538
Clustered-Medium,Before,8,72.75581818181817,0,10838300
Clustered-Medium,After,8,54.43006802721088,0,14483910
Clustered-Medium,SIMD,8,249.7689440993789,0,3172666
Clustered-Medium,Contained,8,43.49445652173913,0,18129520
Clustered-Medium,InternalContained,8,53.91211305518169,0,14641558
Clustered-Medium,RootContained,8,76.39599236641222,0,10325944
Clustered-Medium,SpanTraversal,8,68.40478632478633,0,11528010
Clustered-Medium,ContainedSpan,8,41.6990625,0,18917760
Clustered-Medium,MatchedContained,8,43.404229934924075,0,18168932
Clustered-Medium,MatchedContainedSpan,8,41.5402489626556,0,18996584
Clustered-Medium,InternalContainedSpan,8,48.61713244228433,0,16218038
Clustered-Medium,MatchedContainedPoint,8,44.81027932960894,0,17636870
Clustered-Medium,MatchedContainedSpanPoint,8,42.0115424973767,0,18779818
Clustered-Medium,Capacity8,8,73.28937728937728,0,10759476
Clustered-Medium,Capacity32,8,64.19791666666667,0,12296544
Clustered-Medium,Capacity64,8,64.4779388083736,0,12237426
Clustered-Broad,Before,0,550.1205479452055,0,13280963
Clustered-Broad,After,0,339.39322033898304,0,21467858
Clustered-Broad,SIMD,0,689.4033898305086,0,10733929
Clustered-Broad,Contained,0,317.46190476190475,0,22923306
Clustered-Broad,InternalContained,0,335.2525,0,21831720
Clustered-Broad,RootContained,0,534.652,0,13644825
Clustered-Broad,SpanTraversal,0,530.3684210526316,0,13826756
Clustered-Broad,ContainedSpan,0,317.50555555555553,0,22923306
Clustered-Broad,MatchedContained,0,321.31359999999995,0,22741375
Clustered-Broad,MatchedContainedSpan,0,314.73515625,0,23287168
Clustered-Broad,InternalContainedSpan,0,356.6522123893805,0,20558203
Clustered-Broad,MatchedContainedPoint,0,330.91404958677685,0,22013651
Clustered-Broad,MatchedContainedSpanPoint,0,358.80625000000003,0,20376272
Clustered-Broad,Capacity8,0,648.2564516129032,0,11279722
Clustered-Broad,Capacity32,0,500.1725,0,14554480
Clustered-Broad,Capacity64,0,527.1605263157894,0,13826756
Clustered-Broad,Capacity64,1,539.1813333333333,0,13644825
Clustered-Broad,Capacity32,1,556.182191780822,0,13280963
Clustered-Broad,Capacity8,1,668.2933333333333,0,10915860
Clustered-Broad,MatchedContainedSpanPoint,1,325.0870967741936,0,22559444
Clustered-Broad,MatchedContainedPoint,1,313.059375,0,23287168
Clustered-Broad,InternalContainedSpan,1,335.3541666666667,0,21831720
Clustered-Broad,MatchedContainedSpan,1,313.796875,0,23287168
Clustered-Broad,MatchedContained,1,319.27936507936505,0,22923306
Clustered-Broad,ContainedSpan,1,318.0111111111111,0,22923306
Clustered-Broad,SpanTraversal,1,541.8675675675676,0,13462894
Clustered-Broad,RootContained,1,534.1826666666666,0,13644825
Clustered-Broad,InternalContained,1,339.5661016949153,0,21467858
Clustered-Broad,Contained,1,317.63650793650794,0,22923306
Clustered-Broad,SIMD,1,689.0983050847458,0,10733929
Clustered-Broad,After,1,321.7144,0,22741375
Clustered-Broad,Before,1,539.2053333333333,0,13644825
Clustered-Broad,Before,2,536.1453333333334,0,13644825
Clustered-Broad,After,2,322.69112903225806,0,22559444
Clustered-Broad,SIMD,2,686.7525423728814,0,10733929
Clustered-Broad,Contained,2,342.1094017094017,0,21285927
Clustered-Broad,InternalContained,2,345.00172413793103,0,21103996
Clustered-Broad,RootContained,2,535.8653333333333,0,13644825
Clustered-Broad,SpanTraversal,2,687.5711864406779,0,10733929
Clustered-Broad,ContainedSpan,2,375.63084112149534,0,19466617
Clustered-Broad,MatchedContained,2,320.2112,0,22741375
Clustered-Broad,MatchedContainedSpan,2,315.96377952755904,0,23105237
Clustered-Broad,InternalContainedSpan,2,444.9611111111111,0,16373790
Clustered-Broad,MatchedContainedPoint,2,431.7806451612903,0,16919583
Clustered-Broad,MatchedContainedSpanPoint,2,386.02403846153845,0,18920824
Clustered-Broad,Capacity8,2,731.5836363636363,0,10006205
Clustered-Broad,Capacity32,2,539.9586666666667,0,13644825
Clustered-Broad,Capacity64,2,496.33209876543214,0,14736411
Clustered-Broad,Capacity64,3,521.5636363636364,0,14008687
Clustered-Broad,Capacity32,3,514.8192307692308,0,14190618
Clustered-Broad,Capacity8,3,631.565625,0,11643584
Clustered-Broad,MatchedContainedSpanPoint,3,341.31779661016947,0,21467858
Clustered-Broad,MatchedContainedPoint,3,338.74285714285713,0,21649789
Clustered-Broad,InternalContainedSpan,3,333.19669421487606,0,22013651
Clustered-Broad,MatchedContainedSpan,3,330.72644628099175,0,22013651
Clustered-Broad,MatchedContained,3,327.1666666666667,0,22377513
Clustered-Broad,ContainedSpan,3,373.1462962962963,0,19648548
Clustered-Broad,SpanTraversal,3,539.9386666666667,0,13644825
Clustered-Broad,RootContained,3,607.3242424242425,0,12007446
Clustered-Broad,InternalContained,3,351.51140350877193,0,20740134
Clustered-Broad,Contained,3,327.92459016393445,0,22195582
Clustered-Broad,SIMD,3,710.6175438596491,0,10370067
Clustered-Broad,After,3,332.21322314049587,0,22013651
Clustered-Broad,Before,3,592.5073529411765,0,12371308
Clustered-Broad,Before,4,627.740625,0,11643584
Clustered-Broad,After,4,334.595,0,21831720
Clustered-Broad,SIMD,4,721.3732142857143,0,10188136
Clustered-Broad,Contained,4,323.6161290322581,0,22559444
Clustered-Broad,InternalContained,4,354.570796460177,0,20558203
Clustered-Broad,RootContained,4,563.3901408450704,0,12917101
Clustered-Broad,SpanTraversal,4,539.756,0,13644825
Clustered-Broad,ContainedSpan,4,326.23414634146343,0,22377513
Clustered-Broad,MatchedContained,4,333.46583333333336,0,21831720
Clustered-Broad,MatchedContainedSpan,4,315.6228346456693,0,23105237
Clustered-Broad,InternalContainedSpan,4,350.5739130434783,0,20922065
Clustered-Broad,MatchedContainedPoint,4,319.39761904761906,0,22923306
Clustered-Broad,MatchedContainedSpanPoint,4,329.8295081967213,0,22195582
Clustered-Broad,Capacity8,4,642.0777777777778,0,11461653
Clustered-Broad,Capacity32,4,504.86625000000004,0,14554480
Clustered-Broad,Capacity64,4,505.57250000000005,0,14554480
Clustered-Broad,Capacity64,5,497.0074074074074,0,14736411
Clustered-Broad,Capacity32,5,502.14250000000004,0,14554480
Clustered-Broad,Capacity8,5,666.2524590163935,0,11097791
Clustered-Broad,MatchedContainedSpanPoint,5,320.08959999999996,0,22741375
Clustered-Broad,MatchedContainedPoint,5,318.4515873015873,0,22923306
Clustered-Broad,InternalContainedSpan,5,334.82750000000004,0,21831720
Clustered-Broad,MatchedContainedSpan,5,322.9,0,22559444
Clustered-Broad,MatchedContained,5,327.9918032786885,0,22195582
Clustered-Broad,ContainedSpan,5,311.5341085271318,0,23469099
Clustered-Broad,SpanTraversal,5,560.9166666666666,0,13099032
Clustered-Broad,RootContained,5,566.8338028169013,0,12917101
Clustered-Broad,InternalContained,5,346.6801724137931,0,21103996
Clustered-Broad,Contained,5,329.02868852459017,0,22195582
Clustered-Broad,SIMD,5,696.9396551724138,0,10551998
Clustered-Broad,After,5,322.8701612903226,0,22559444
Clustered-Broad,Before,5,547.4148648648649,0,13462894
Clustered-Broad,Before,6,540.1386666666667,0,13644825
Clustered-Broad,After,6,316.9251968503937,0,23105237
Clustered-Broad,SIMD,6,692.3741379310344,0,10551998
Clustered-Broad,Contained,6,324.7508064516129,0,22559444
Clustered-Broad,InternalContained,6,331.42809917355373,0,22013651
Clustered-Broad,RootContained,6,533.8653333333333,0,13644825
Clustered-Broad,SpanTraversal,6,524.4766233766234,0,14008687
Clustered-Broad,ContainedSpan,6,316.64724409448814,0,23105237
Clustered-Broad,MatchedContained,6,321.428,0,22741375
Clustered-Broad,MatchedContainedSpan,6,314.3109375,0,23287168
Clustered-Broad,InternalContainedSpan,6,336.04,0,21831720
Clustered-Broad,MatchedContainedPoint,6,326.2,0,22377513
Clustered-Broad,MatchedContainedSpanPoint,6,323.38870967741934,0,22559444
Clustered-Broad,Capacity8,6,638.0421875,0,11643584
Clustered-Broad,Capacity32,6,506.77088607594936,0,14372549
Clustered-Broad,Capacity64,6,500.15125,0,14554480
Clustered-Broad,Capacity64,7,747.0049180327869,0,11097791
Clustered-Broad,Capacity32,7,743.6709090909092,0,10006205
Clustered-Broad,Capacity8,7,1250.5060606060606,0,6003723
Clustered-Broad,MatchedContainedSpanPoint,7,631.26875,0,11643584
Clustered-Broad,MatchedContainedPoint,7,479.1869047619047,0,15282204
Clustered-Broad,InternalContainedSpan,7,361.1333333333334,0,20194341
Clustered-Broad,MatchedContainedSpan,7,318.4174603174603,0,22923306
Clustered-Broad,MatchedContained,7,341.47457627118644,0,21467858
Clustered-Broad,ContainedSpan,7,317.16220472440943,0,23105237
Clustered-Broad,SpanTraversal,7,532.0302631578948,0,13826756
Clustered-Broad,RootContained,7,528.1855263157895,0,13826756
Clustered-Broad,InternalContained,7,339.8915254237288,0,21467858
Clustered-Broad,Contained,7,317.734126984127,0,22923306
Clustered-Broad,SIMD,7,723.3285714285714,0,10188136
Clustered-Broad,After,7,320.6448,0,22741375
Clustered-Broad,Before,7,549.2287671232876,0,13280963
Clustered-Broad,Before,8,542.4716216216217,0,13462894
Clustered-Broad,After,8,321.816,0,22741375
Clustered-Broad,SIMD,8,705.042105263158,0,10370067
Clustered-Broad,Contained,8,320.54159999999996,0,22741375
Clustered-Broad,InternalContained,8,348.5886956521739,0,20922065
Clustered-Broad,RootContained,8,553.0287671232877,0,13280963
Clustered-Broad,SpanTraversal,8,543.2256756756757,0,13462894
Clustered-Broad,ContainedSpan,8,312.22403100775193,0,23469099
Clustered-Broad,MatchedContained,8,323.5701612903226,0,22559444
Clustered-Broad,MatchedContainedSpan,8,315.1125984251969,0,23105237
Clustered-Broad,InternalContainedSpan,8,339.53898305084743,0,21467858
Clustered-Broad,MatchedContainedPoint,8,326.4634146341463,0,22377513
Clustered-Broad,MatchedContainedSpanPoint,8,324.5387096774194,0,22559444
Clustered-Broad,Capacity8,8,659.672131147541,0,11097791
Clustered-Broad,Capacity32,8,496.3024691358025,0,14736411
Clustered-Broad,Capacity64,8,544.685135135135,0,13462894
Clustered-All,Before,0,3805.9,0,7040000
Clustered-All,After,0,1631.908,0,16000000
Clustered-All,SIMD,0,2085.4849999999997,0,12800000
Clustered-All,Contained,0,1131.7722222222224,0,23040000
Clustered-All,InternalContained,0,1108.6378378378379,0,23680000
Clustered-All,RootContained,0,1043.479487179487,0,24960000
Clustered-All,SpanTraversal,0,1834.4363636363635,0,14080000
Clustered-All,ContainedSpan,0,1097.9405405405407,0,23680000
Clustered-All,MatchedContained,0,1084.4216216216216,0,23680000
Clustered-All,MatchedContainedSpan,0,1102.1216216216217,0,23680000
Clustered-All,InternalContainedSpan,0,1101.0027027027027,0,23680000
Clustered-All,MatchedContainedPoint,0,1086.972972972973,0,23680000
Clustered-All,MatchedContainedSpanPoint,0,1095.6081081081081,0,23680000
Clustered-All,Capacity8,0,2168.4263157894734,0,12160000
Clustered-All,Capacity32,0,1700.2583333333332,0,15360000
Clustered-All,Capacity64,0,1620.556,0,16000000
Clustered-All,Capacity64,1,1636.2,0,16000000
Clustered-All,Capacity32,1,1723.9541666666667,0,15360000
Clustered-All,Capacity8,1,2328.8722222222223,0,11520000
Clustered-All,MatchedContainedSpanPoint,1,1104.0108108108109,0,23680000
Clustered-All,MatchedContainedPoint,1,1154.094285714286,0,22400000
Clustered-All,InternalContainedSpan,1,1089.1675675675674,0,23680000
Clustered-All,MatchedContainedSpan,1,1099.1945945945945,0,23680000
Clustered-All,MatchedContained,1,1094.4756756756756,0,23680000
Clustered-All,ContainedSpan,1,1127.3833333333334,0,23040000
Clustered-All,SpanTraversal,1,1861.2772727272727,0,14080000
Clustered-All,RootContained,1,1081.457894736842,0,24320000
Clustered-All,InternalContained,1,1126.725,0,23040000
Clustered-All,Contained,1,1089.6972972972974,0,23680000
Clustered-All,SIMD,1,1981.142857142857,0,13440000
Clustered-All,After,1,1147.7885714285715,0,22400000
Clustered-All,Before,1,1911.1818181818182,0,14080000
Clustered-All,Before,2,1893.4727272727273,0,14080000
Clustered-All,After,2,1320.1516129032257,0,19840000
Clustered-All,SIMD,2,1976.4476190476191,0,13440000
Clustered-All,Contained,2,1109.5756756756757,0,23680000
Clustered-All,InternalContained,2,1461.5035714285714,0,17920000
Clustered-All,RootContained,2,1784.678260869565,0,14720000
Clustered-All,SpanTraversal,2,2948.714285714286,0,8960000
Clustered-All,ContainedSpan,2,1509.8074074074075,0,17280000
Clustered-All,MatchedContained,2,1277.603125,0,20480000
Clustered-All,MatchedContainedSpan,2,1178.520588235294,0,21760000
Clustered-All,InternalContainedSpan,2,1103.7675675675675,0,23680000
Clustered-All,MatchedContainedPoint,2,1085.9162162162163,0,23680000
Clustered-All,MatchedContainedSpanPoint,2,1090.6054054054055,0,23680000
Clustered-All,Capacity8,2,2384.1823529411763,0,10880000
Clustered-All,Capacity32,2,1686.5958333333335,0,15360000
Clustered-All,Capacity64,2,1627.832,0,16000000
Clustered-All,Capacity64,3,1633.7720000000002,0,16000000
Clustered-All,Capacity32,3,1689.2291666666667,0,15360000
Clustered-All,Capacity8,3,2194.278947368421,0,12160000
Clustered-All,MatchedContainedSpanPoint,3,1111.4,0,23040000
Clustered-All,MatchedContainedPoint,3,1093.9297297297298,0,23680000
Clustered-All,InternalContainedSpan,3,1101.045945945946,0,23680000
Clustered-All,MatchedContainedSpan,3,1094.8891891891892,0,23680000
Clustered-All,MatchedContained,3,1099.8972972972972,0,23680000
Clustered-All,ContainedSpan,3,1106.4243243243243,0,23680000
Clustered-All,SpanTraversal,3,2352.6277777777777,0,11520000
Clustered-All,RootContained,3,1367.5333333333333,0,19200000
Clustered-All,InternalContained,3,1189.635294117647,0,21760000
Clustered-All,Contained,3,1296.109677419355,0,19840000
Clustered-All,SIMD,3,2397.8823529411766,0,10880000
Clustered-All,After,3,1294.3870967741937,0,19840000
Clustered-All,Before,3,1848.2818181818182,0,14080000
Clustered-All,Before,4,1841.2454545454545,0,14080000
Clustered-All,After,4,1107.672972972973,0,23680000
Clustered-All,SIMD,4,1969.209523809524,0,13440000
Clustered-All,Contained,4,1095.9,0,23680000
Clustered-All,InternalContained,4,1079.886842105263,0,24320000
Clustered-All,RootContained,4,1020.8174999999999,0,25600000
Clustered-All,SpanTraversal,4,1820.640909090909,0,14080000
Clustered-All,ContainedSpan,4,1089.5324324324324,0,23680000
Clustered-All,MatchedContained,4,1083.881081081081,0,23680000
Clustered-All,MatchedContainedSpan,4,1093.9054054054054,0,23680000
Clustered-All,InternalContainedSpan,4,1115.5583333333334,0,23040000
Clustered-All,MatchedContainedPoint,4,1123.7277777777776,0,23040000
Clustered-All,MatchedContainedSpanPoint,4,1103.181081081081,0,23680000
Clustered-All,Capacity8,4,2150.3736842105263,0,12160000
Clustered-All,Capacity32,4,1713.3083333333334,0,15360000
Clustered-All,Capacity64,4,1630.5639999999999,0,16000000
Clustered-All,Capacity64,5,1632.892,0,16000000
Clustered-All,Capacity32,5,1746.8478260869565,0,14720000
Clustered-All,Capacity8,5,2157.636842105263,0,12160000
Clustered-All,MatchedContainedSpanPoint,5,1146.182857142857,0,22400000
Clustered-All,MatchedContainedPoint,5,1119.0194444444444,0,23040000
Clustered-All,InternalContainedSpan,5,1170.562857142857,0,22400000
Clustered-All,MatchedContainedSpan,5,1125.2138888888887,0,23040000
Clustered-All,MatchedContained,5,1157.3628571428571,0,22400000
Clustered-All,ContainedSpan,5,1099.2783783783784,0,23680000
Clustered-All,SpanTraversal,5,1987.142857142857,0,13440000
Clustered-All,RootContained,5,1035.7205128205128,0,24960000
Clustered-All,InternalContained,5,1389.7034482758622,0,18560000
Clustered-All,Contained,5,1566.8769230769233,0,16640000
Clustered-All,SIMD,5,2097.915,0,12800000
Clustered-All,After,5,1392.951724137931,0,18560000
Clustered-All,Before,5,1896.4318181818182,0,14080000
Clustered-All,Before,6,1863.2454545454545,0,14080000
Clustered-All,After,6,1100.8351351351353,0,23680000
Clustered-All,SIMD,6,1984.485714285714,0,13440000
Clustered-All,Contained,6,1111.9583333333333,0,23040000
Clustered-All,InternalContained,6,1114.5108108108109,0,23680000
Clustered-All,RootContained,6,1081.462162162162,0,23680000
Clustered-All,SpanTraversal,6,1904.8238095238096,0,13440000
Clustered-All,ContainedSpan,6,1106.0432432432433,0,23680000
Clustered-All,MatchedContained,6,1086.4675675675676,0,23680000
Clustered-All,MatchedContainedSpan,6,1098.2486486486487,0,23680000
Clustered-All,InternalContainedSpan,6,1109.9,0,23680000
Clustered-All,MatchedContainedPoint,6,1095.8297297297297,0,23680000
Clustered-All,MatchedContainedSpanPoint,6,1118.4694444444444,0,23040000
Clustered-All,Capacity8,6,2367.3647058823526,0,10880000
Clustered-All,Capacity32,6,1714.2708333333333,0,15360000
Clustered-All,Capacity64,6,1647.9879999999998,0,16000000
Clustered-All,Capacity64,7,1684.3791666666666,0,15360000
Clustered-All,Capacity32,7,1744.1260869565217,0,14720000
Clustered-All,Capacity8,7,2137.7999999999997,0,12160000
Clustered-All,MatchedContainedSpanPoint,7,1092.6108108108108,0,23680000
Clustered-All,MatchedContainedPoint,7,1135.025,0,23040000
Clustered-All,InternalContainedSpan,7,1095,0,23680000
Clustered-All,MatchedContainedSpan,7,1094.6135135135135,0,23680000
Clustered-All,MatchedContained,7,1087.1891891891892,0,23680000
Clustered-All,ContainedSpan,7,1097.6486486486488,0,23680000
Clustered-All,SpanTraversal,7,1820.7652173913043,0,14720000
Clustered-All,RootContained,7,1020.6875,0,25600000
Clustered-All,InternalContained,7,1104.7405405405407,0,23680000
Clustered-All,Contained,7,1095.0594594594593,0,23680000
Clustered-All,SIMD,7,1992.0714285714287,0,13440000
Clustered-All,After,7,1109.718918918919,0,23680000
Clustered-All,Before,7,2284.4055555555556,0,11520000
Clustered-All,Before,8,1883.3727272727272,0,14080000
Clustered-All,After,8,1114.5583333333334,0,23040000
Clustered-All,SIMD,8,2011.525,0,12800000
Clustered-All,Contained,8,1097.6945945945945,0,23680000
Clustered-All,InternalContained,8,1099.418918918919,0,23680000
Clustered-All,RootContained,8,1040.5051282051281,0,24960000
Clustered-All,SpanTraversal,8,1834.8454545454545,0,14080000
Clustered-All,ContainedSpan,8,1130.6722222222222,0,23040000
Clustered-All,MatchedContained,8,1106.4162162162163,0,23680000
Clustered-All,MatchedContainedSpan,8,1099.8297297297297,0,23680000
Clustered-All,InternalContainedSpan,8,1089.9756756756756,0,23680000
Clustered-All,MatchedContainedPoint,8,1088.0945945945946,0,23680000
Clustered-All,MatchedContainedSpanPoint,8,1101.4297297297298,0,23680000
Clustered-All,Capacity8,8,2171.2999999999997,0,12160000
Clustered-All,Capacity32,8,1744.7739130434784,0,14720000
Clustered-All,Capacity64,8,1715.9583333333333,0,15360000
Clustered-Miss,Before,0,0.3021254418562494,0,0
Clustered-Miss,After,0,0.32200674604132956,0,0
Clustered-Miss,SIMD,0,196.49901960784314,0,0
Clustered-Miss,Contained,0,0.36097499345732825,0,0
Clustered-Miss,InternalContained,0,0.23854677305852745,0,0
Clustered-Miss,RootContained,0,0.38039542005059246,0,0
Clustered-Miss,SpanTraversal,0,0.36292882094088824,0,0
Clustered-Miss,ContainedSpan,0,0.3623230282882997,0,0
Clustered-Miss,MatchedContained,0,0.36108578495536076,0,0
Clustered-Miss,MatchedContainedSpan,0,0.36204992668488983,0,0
Clustered-Miss,InternalContainedSpan,0,0.3750297677645581,0,0
Clustered-Miss,MatchedContainedPoint,0,0.37128072324942457,0,0
Clustered-Miss,MatchedContainedSpanPoint,0,0.3710368625122906,0,0
Clustered-Miss,Capacity8,0,0.347870175499626,0,0
Clustered-Miss,Capacity32,0,0.366970945220686,0,0
Clustered-Miss,Capacity64,0,0.3670578843048011,0,0
Clustered-Miss,Capacity64,1,0.36521858222855264,0,0
Clustered-Miss,Capacity32,1,0.35086355861585017,0,0
Clustered-Miss,Capacity8,1,0.3571852089974729,0,0
Clustered-Miss,MatchedContainedSpanPoint,1,0.37124348003638186,0,0
Clustered-Miss,MatchedContainedPoint,1,0.36896965224610273,0,0
Clustered-Miss,InternalContainedSpan,1,0.3712375171696922,0,0
Clustered-Miss,MatchedContainedSpan,1,0.37011177319663935,0,0
Clustered-Miss,MatchedContained,1,0.37143241837833824,0,0
Clustered-Miss,ContainedSpan,1,0.3601827923101166,0,0
Clustered-Miss,SpanTraversal,1,0.3696320322318326,0,0
Clustered-Miss,RootContained,1,0.3754380860309922,0,0
Clustered-Miss,InternalContained,1,0.23812418145017264,0,0
Clustered-Miss,Contained,1,0.36361413364604067,0,0
Clustered-Miss,SIMD,1,198.34059405940596,0,0
Clustered-Miss,After,1,0.323399576346555,0,0
Clustered-Miss,Before,1,0.31450080983756074,0,0
Clustered-Miss,Before,2,0.3034847461742145,0,0
Clustered-Miss,After,2,0.3245549551303896,0,0
Clustered-Miss,SIMD,2,199.81144278606965,0,0
Clustered-Miss,Contained,2,0.3603798403517307,0,0
Clustered-Miss,InternalContained,2,0.23845718203225133,0,0
Clustered-Miss,RootContained,2,0.37578798042144623,0,0
Clustered-Miss,SpanTraversal,2,0.36297072648409284,0,0
Clustered-Miss,ContainedSpan,2,0.3633574056410955,0,0
Clustered-Miss,MatchedContained,2,0.3606927086151238,0,0
Clustered-Miss,MatchedContainedSpan,2,0.3927055312297512,0,0
Clustered-Miss,InternalContainedSpan,2,0.37223592253789817,0,0
Clustered-Miss,MatchedContainedPoint,2,0.374348871814549,0,0
Clustered-Miss,MatchedContainedSpanPoint,2,0.3707635837828819,0,0
Clustered-Miss,Capacity8,2,0.34596988332165685,0,0
Clustered-Miss,Capacity32,2,0.3470883769360926,0,0
Clustered-Miss,Capacity64,2,0.3589738757415035,0,0
Clustered-Miss,Capacity64,3,0.35417349188499986,0,0
Clustered-Miss,Capacity32,3,0.34790258751902586,0,0
Clustered-Miss,Capacity8,3,0.3486142583231654,0,0
Clustered-Miss,MatchedContainedSpanPoint,3,0.3739603978908792,0,0
Clustered-Miss,MatchedContainedPoint,3,0.37503586262505034,0,0
Clustered-Miss,InternalContainedSpan,3,0.3843955410340188,0,0
Clustered-Miss,MatchedContainedSpan,3,0.3975906009581934,0,0
Clustered-Miss,MatchedContained,3,0.3674815570193571,0,0
Clustered-Miss,ContainedSpan,3,0.37977251796785255,0,0
Clustered-Miss,SpanTraversal,3,0.3636240500345442,0,0
Clustered-Miss,RootContained,3,0.3738886188588948,0,0
Clustered-Miss,InternalContained,3,0.24190877642846775,0,0
Clustered-Miss,Contained,3,0.3603993224492738,0,0
Clustered-Miss,SIMD,3,195.55707317073168,0,0
Clustered-Miss,After,3,0.334897856664434,0,0
Clustered-Miss,Before,3,0.35150916040595753,0,0
Clustered-Miss,Before,4,0.38843248072403813,0,0
Clustered-Miss,After,4,0.33171979698799176,0,0
Clustered-Miss,SIMD,4,198.0128078817734,0,0
Clustered-Miss,Contained,4,0.4161205084992614,0,0
Clustered-Miss,InternalContained,4,0.24795038525194796,0,0
Clustered-Miss,RootContained,4,0.4111101975374622,0,0
Clustered-Miss,SpanTraversal,4,0.36520857870662027,0,0
Clustered-Miss,ContainedSpan,4,0.3741649127730228,0,0
Clustered-Miss,MatchedContained,4,0.45397623452236385,0,0
Clustered-Miss,MatchedContainedSpan,4,0.3713857295390186,0,0
Clustered-Miss,InternalContainedSpan,4,0.37764444864048335,0,0
Clustered-Miss,MatchedContainedPoint,4,0.3713280481238744,0,0
Clustered-Miss,MatchedContainedSpanPoint,4,0.3706305304609683,0,0
Clustered-Miss,Capacity8,4,0.35388834822613463,0,0
Clustered-Miss,Capacity32,4,0.3520577725360418,0,0
Clustered-Miss,Capacity64,4,0.35458252444397165,0,0
Clustered-Miss,Capacity64,5,0.35590849638309796,0,0
Clustered-Miss,Capacity32,5,0.35189450255562105,0,0
Clustered-Miss,Capacity8,5,0.34705137215093224,0,0
Clustered-Miss,MatchedContainedSpanPoint,5,0.39507540964176713,0,0
Clustered-Miss,MatchedContainedPoint,5,0.3718882484194868,0,0
Clustered-Miss,InternalContainedSpan,5,0.39671618994723684,0,0
Clustered-Miss,MatchedContainedSpan,5,0.379929333320669,0,0
Clustered-Miss,MatchedContained,5,0.3674545504652893,0,0
Clustered-Miss,ContainedSpan,5,0.3611373936909771,0,0
Clustered-Miss,SpanTraversal,5,0.3717644871973605,0,0
Clustered-Miss,RootContained,5,0.3863437484908485,0,0
Clustered-Miss,InternalContained,5,0.2517876926175849,0,0
Clustered-Miss,Contained,5,0.3722107457242291,0,0
Clustered-Miss,SIMD,5,209.14166666666665,0,0
Clustered-Miss,After,5,0.32410183279586446,0,0
Clustered-Miss,Before,5,0.3937686423909512,0,0
Clustered-Miss,Before,6,0.33756782986623907,0,0
Clustered-Miss,After,6,0.3254641909814323,0,0
Clustered-Miss,SIMD,6,197.91083743842364,0,0
Clustered-Miss,Contained,6,0.3725766339732305,0,0
Clustered-Miss,InternalContained,6,0.24016234974842993,0,0
Clustered-Miss,RootContained,6,0.39242526807350075,0,0
Clustered-Miss,SpanTraversal,6,0.37043553958566783,0,0
Clustered-Miss,ContainedSpan,6,0.36291803516666965,0,0
Clustered-Miss,MatchedContained,6,0.361755236407047,0,0
Clustered-Miss,MatchedContainedSpan,6,0.3646692011049421,0,0
Clustered-Miss,InternalContainedSpan,6,0.39275663999214494,0,0
Clustered-Miss,MatchedContainedPoint,6,0.4151389667268614,0,0
Clustered-Miss,MatchedContainedSpanPoint,6,0.374179848645008,0,0
Clustered-Miss,Capacity8,6,0.36278489737799186,0,0
Clustered-Miss,Capacity32,6,0.3509044494350481,0,0
Clustered-Miss,Capacity64,6,0.364484031163151,0,0
Clustered-Miss,Capacity64,7,0.3766310437361706,0,0
Clustered-Miss,Capacity32,7,0.3511760006321168,0,0
Clustered-Miss,Capacity8,7,0.3548089801928382,0,0
Clustered-Miss,MatchedContainedSpanPoint,7,0.3759902618765627,0,0
Clustered-Miss,MatchedContainedPoint,7,0.37953829512676485,0,0
Clustered-Miss,InternalContainedSpan,7,0.3725517035878239,0,0
Clustered-Miss,MatchedContainedSpan,7,0.3919157775099693,0,0
Clustered-Miss,MatchedContained,7,0.4040240798351582,0,0
Clustered-Miss,ContainedSpan,7,0.3630258202114625,0,0
Clustered-Miss,SpanTraversal,7,0.3644423590294924,0,0
Clustered-Miss,RootContained,7,0.3780477662158458,0,0
Clustered-Miss,InternalContained,7,0.238175225075025,0,0
Clustered-Miss,Contained,7,0.36159680350023954,0,0
Clustered-Miss,SIMD,7,201.02763819095478,0,0
Clustered-Miss,After,7,0.3236550178413936,0,0
Clustered-Miss,Before,7,0.313891221269216,0,0
Clustered-Miss,Before,8,0.30259397387114095,0,0
Clustered-Miss,After,8,0.32262128483284264,0,0
Clustered-Miss,SIMD,8,197.09310344827588,0,0
Clustered-Miss,Contained,8,0.3622147565922921,0,0
Clustered-Miss,InternalContained,8,0.23842591212813008,0,0
Clustered-Miss,RootContained,8,0.3745171106221619,0,0
Clustered-Miss,SpanTraversal,8,0.3664681630783326,0,0
Clustered-Miss,ContainedSpan,8,0.3609084019055868,0,0
Clustered-Miss,MatchedContained,8,0.367787493448818,0,0
Clustered-Miss,MatchedContainedSpan,8,0.36936423657601924,0,0
Clustered-Miss,InternalContainedSpan,8,0.37023667379372266,0,0
Clustered-Miss,MatchedContainedPoint,8,0.37065707905149325,0,0
Clustered-Miss,MatchedContainedSpanPoint,8,0.3814801392399027,0,0
Clustered-Miss,Capacity8,8,0.3554418141750196,0,0
Clustered-Miss,Capacity32,8,0.36178795607894215,0,0
Clustered-Miss,Capacity64,8,0.3547325759792836,0,0
