Scenario,Variant,Round,Microseconds,AllocatedBytes,Checksum
Uniform-Point,Before,0,6.084015209125475,0,39450
Uniform-Point,After,0,41.22348094747683,0,5826
Uniform-Point,SIMD,0,581.563768115942,0,414
Uniform-Point,SpanCollector,0,41.57777777777778,0,5778
Uniform-Point,ListCount,0,5.695899188381034,0,42138
Uniform-Point,Contained,0,6.246088992974238,0,38430
Uniform-Point,InternalContained,0,6.148662772825084,0,39036
Uniform-Point,RootContained,0,6.1452688172043,0,39060
Uniform-Point,SpanTraversal,0,5.645357042054756,0,42516
Uniform-Point,ContainedSpan,0,5.8173938336242,0,41256
Uniform-Point,MatchedContained,0,6.4157979149959905,0,37410
Uniform-Point,MatchedContainedSpan,0,5.506910792951541,0,43584
Uniform-Point,InternalContainedSpan,0,5.5685412026726056,0,43104
Uniform-Point,MatchedContainedPoint,0,6.1306819923371645,0,39150
Uniform-Point,MatchedContainedSpanPoint,0,6.140537221795856,0,39090
Uniform-Point,Capacity8,0,5.218392903730759,0,45996
Uniform-Point,Capacity32,0,7.2493838347227255,0,33108
Uniform-Point,Capacity64,0,10.480246266701597,0,22902
Uniform-Point,Capacity64,1,10.660405009325872,0,22518
Uniform-Point,Capacity32,1,7.446965748324646,0,32232
Uniform-Point,Capacity8,1,5.189673066943436,0,46248
Uniform-Point,MatchedContainedSpanPoint,1,6.668111351891982,0,35994
Uniform-Point,MatchedContainedPoint,1,10.222642473805264,0,23478
Uniform-Point,InternalContainedSpan,1,7.416648127549129,0,32364
Uniform-Point,MatchedContainedSpan,1,7.892758484609313,0,30408
Uniform-Point,MatchedContained,1,9.331630510846745,0,25722
Uniform-Point,ContainedSpan,1,6.834648898001024,0,35118
Uniform-Point,SpanTraversal,1,6.560101672679567,0,36588
Uniform-Point,RootContained,1,6.9413846954711085,0,34578
Uniform-Point,InternalContained,1,7.3640832106038285,0,32592
Uniform-Point,Contained,1,9.41035050576335,0,25506
Uniform-Point,ListCount,1,7.271805126340665,0,33006
Uniform-Point,SpanCollector,1,8.626892387319387,0,27822
Uniform-Point,SIMD,1,335.5075,0,720
Uniform-Point,After,1,8.174805884756845,0,29364
Uniform-Point,Before,1,9.42507068803016,0,25464
Uniform-Point,Before,2,7.286338797814207,0,32940
Uniform-Point,After,2,9.245689854402588,0,25962
Uniform-Point,SIMD,2,239.75329341317368,0,1002
Uniform-Point,SpanCollector,2,7.111875555555556,0,33750
Uniform-Point,ListCount,2,7.780746791131855,0,30852
Uniform-Point,Contained,2,9.171458046767539,0,26172
Uniform-Point,InternalContained,2,7.104368673415023,0,33786
Uniform-Point,RootContained,2,8.371730487549696,0,28674
Uniform-Point,SpanTraversal,2,7.799649054396569,0,30774
Uniform-Point,ContainedSpan,2,6.616093284816408,0,36276
Uniform-Point,MatchedContained,2,9.677164973391388,0,24804
Uniform-Point,MatchedContainedSpan,2,6.623791390728476,0,36240
Uniform-Point,InternalContainedSpan,2,7.993306693306693,0,30030
Uniform-Point,MatchedContainedPoint,2,10.420708517843188,0,23034
Uniform-Point,MatchedContainedSpanPoint,2,8.928816964285714,0,26880
Uniform-Point,Capacity8,2,7.209677419354839,0,33294
Uniform-Point,Capacity32,2,8.728671176085534,0,27498
Uniform-Point,Capacity64,2,17.16763948497854,0,13980
Uniform-Point,Capacity64,3,13.525659229208925,0,17748
Uniform-Point,Capacity32,3,10.432985658409388,0,23010
Uniform-Point,Capacity8,3,7.38899150350942,0,32484
Uniform-Point,MatchedContainedSpanPoint,3,8.152476054615855,0,29442
Uniform-Point,MatchedContainedPoint,3,6.7516286919831225,0,35550
Uniform-Point,InternalContainedSpan,3,5.892001767565179,0,40734
Uniform-Point,MatchedContainedSpan,3,8.268623398098388,0,29028
Uniform-Point,MatchedContained,3,8.464451967837494,0,28356
Uniform-Point,ContainedSpan,3,6.911038175850751,0,34734
Uniform-Point,SpanTraversal,3,5.883850566259745,0,40794
Uniform-Point,RootContained,3,7.316642282370154,0,32808
Uniform-Point,InternalContained,3,8.789565026362038,0,27312
Uniform-Point,Contained,3,7.246376811594203,0,33120
Uniform-Point,ListCount,3,6.571402759526938,0,36528
Uniform-Point,SpanCollector,3,7.812578125,0,30720
Uniform-Point,SIMD,3,263.9085526315789,0,912
Uniform-Point,After,3,6.6335323383084575,0,36180
Uniform-Point,Before,3,6.96483286908078,0,34464
Uniform-Point,Before,4,9.231218274111674,0,26004
Uniform-Point,After,4,7.946086611044894,0,30204
Uniform-Point,SIMD,4,234.00523255813954,0,1032
Uniform-Point,SpanCollector,4,8.50552838613651,0,28218
Uniform-Point,ListCount,4,8.042360273421792,0,29844
Uniform-Point,Contained,4,9.36854800936768,0,25620
Uniform-Point,InternalContained,4,9.564873266379724,0,25092
Uniform-Point,RootContained,4,7.395581438343501,0,32454
Uniform-Point,SpanTraversal,4,7.875295275590551,0,30480
Uniform-Point,ContainedSpan,4,8.662191424859246,0,27708
Uniform-Point,MatchedContained,4,7.719065997684291,0,31092
Uniform-Point,MatchedContainedSpan,4,7.307617829740592,0,32844
Uniform-Point,InternalContainedSpan,4,7.5014813425839115,0,31998
Uniform-Point,MatchedContainedPoint,4,6.873316151202749,0,34920
Uniform-Point,MatchedContainedSpanPoint,4,6.8832759807295245,0,34872
Uniform-Point,Capacity8,4,7.858762278978388,0,30540
Uniform-Point,Capacity32,4,9.034530261969287,0,26568
Uniform-Point,Capacity64,4,13.118426229508195,0,18300
Uniform-Point,Capacity64,5,16.298820179007322,0,14748
Uniform-Point,Capacity32,5,8.752023627215051,0,27426
Uniform-Point,Capacity8,5,6.007975367978371,0,39948
Uniform-Point,MatchedContainedSpanPoint,5,7.351102535832414,0,32652
Uniform-Point,MatchedContainedPoint,5,7.096009223128769,0,33828
Uniform-Point,InternalContainedSpan,5,6.999440167949616,0,34296
Uniform-Point,MatchedContainedSpan,5,8.0863755811603,0,29682
Uniform-Point,MatchedContained,5,7.358719646799117,0,32616
Uniform-Point,ContainedSpan,5,9.33554259043174,0,25710
Uniform-Point,SpanTraversal,5,6.026303103344381,0,39828
Uniform-Point,RootContained,5,7.098935226264419,0,33810
Uniform-Point,InternalContained,5,6.9670498084291195,0,34452
Uniform-Point,Contained,5,7.6138154138915315,0,31530
Uniform-Point,ListCount,5,8.568494324266439,0,28014
Uniform-Point,SpanCollector,5,7.545934729296359,0,31806
Uniform-Point,SIMD,5,241.10843373493975,0,996
Uniform-Point,After,5,6.3919955264419235,0,37554
Uniform-Point,Before,5,6.689096989966556,0,35880
Uniform-Point,Before,6,6.695548117154812,0,35850
Uniform-Point,After,6,8.725158055373884,0,27522
Uniform-Point,SIMD,6,244.33841463414635,0,984
Uniform-Point,SpanCollector,6,6.552366912366912,0,36630
Uniform-Point,ListCount,6,6.36647040101846,0,37704
Uniform-Point,Contained,6,7.936103947629439,0,30246
Uniform-Point,InternalContained,6,10.0401756587202,0,23910
Uniform-Point,RootContained,6,7.70660250240616,0,31170
Uniform-Point,SpanTraversal,6,7.387576149160052,0,32502
Uniform-Point,ContainedSpan,6,7.782490272373541,0,30840
Uniform-Point,MatchedContained,6,7.32396558037349,0,32772
Uniform-Point,MatchedContainedSpan,6,7.290032798833819,0,32928
Uniform-Point,InternalContainedSpan,6,6.982335486123233,0,34374
Uniform-Point,MatchedContainedPoint,6,7.097977288857345,0,33816
Uniform-Point,MatchedContainedSpanPoint,6,7.4709243697479,0,32130
Uniform-Point,Capacity8,6,6.3945012787723785,0,37536
Uniform-Point,Capacity32,6,7.547886792452831,0,31800
Uniform-Point,Capacity64,6,13.035353535353535,0,18414
Uniform-Point,Capacity64,7,17.144173093401886,0,14004
Uniform-Point,Capacity32,7,9.748269980506823,0,24624
Uniform-Point,Capacity8,7,5.5463255684969495,0,43272
Uniform-Point,MatchedContainedSpanPoint,7,9.5406868590508,0,25158
Uniform-Point,MatchedContainedPoint,7,7.282559621336246,0,32958
Uniform-Point,InternalContainedSpan,7,8.516499893549074,0,28182
Uniform-Point,MatchedContainedSpan,7,7.754119015313045,0,30954
Uniform-Point,MatchedContained,7,7.332923923006416,0,32730
Uniform-Point,ContainedSpan,7,6.37177445046193,0,37668
Uniform-Point,SpanTraversal,7,6.063756252842201,0,39582
Uniform-Point,RootContained,7,8.201189011890119,0,29268
Uniform-Point,InternalContained,7,6.918574887582151,0,34692
Uniform-Point,Contained,7,7.664655172413793,0,31320
Uniform-Point,ListCount,7,6.522207728680906,0,36798
Uniform-Point,SpanCollector,7,6.7727734507280735,0,35436
Uniform-Point,SIMD,7,227.9028409090909,0,1056
Uniform-Point,After,7,7.56010206010206,0,31746
Uniform-Point,Before,7,9.226314575645757,0,26016
Uniform-Point,Before,8,9.911323092170466,0,24216
Uniform-Point,After,8,7.1652695683324374,0,33498
Uniform-Point,SIMD,8,282.84014084507044,0,852
Uniform-Point,SpanCollector,8,8.022643401524268,0,29916
Uniform-Point,ListCount,8,6.743610923803102,0,35592
Uniform-Point,Contained,8,8.10097205346294,0,29628
Uniform-Point,InternalContained,8,6.831301229508196,0,35136
Uniform-Point,RootContained,8,7.566710800075657,0,31722
Uniform-Point,SpanTraversal,8,7.9754186602870805,0,30096
Uniform-Point,ContainedSpan,8,8.551817015818726,0,28068
Uniform-Point,MatchedContained,8,6.925796398891967,0,34656
Uniform-Point,MatchedContainedSpan,8,6.144669738863287,0,39060
Uniform-Point,InternalContainedSpan,8,6.91514261019879,0,34710
Uniform-Point,MatchedContainedPoint,8,8.385849056603774,0,28620
Uniform-Point,MatchedContainedSpanPoint,8,7.573248769405528,0,31692
Uniform-Point,Capacity8,8,6.077484047402005,0,39492
Uniform-Point,Capacity32,8,10.816572046499054,0,22194
Uniform-Point,Capacity64,8,12.777387416160972,0,18786
Uniform-Small,Before,0,12.966709886547813,0,1076665
Uniform-Small,After,0,11.665237678623505,0,1196721
Uniform-Small,SIMD,0,255.18025477707008,0,54793
Uniform-Small,SpanCollector,0,9.926494666335897,0,1406819
Uniform-Small,ListCount,0,14.089538569918984,0,990811
Uniform-Small,Contained,0,14.399100395825837,0,969871
Uniform-Small,InternalContained,0,11.863196915776985,0,1176828
Uniform-Small,RootContained,0,13.026636274829047,0,1071779
Uniform-Small,SpanTraversal,0,9.753913679590344,0,1431249
Uniform-Small,ContainedSpan,0,12.719548633184996,0,1097954
Uniform-Small,MatchedContained,0,11.428571428571429,0,1221500
Uniform-Small,MatchedContainedSpan,0,9.95914861837192,0,1401933
Uniform-Small,InternalContainedSpan,0,15.087669683257918,0,925548
Uniform-Small,MatchedContainedPoint,0,16.769782062028497,0,832714
Uniform-Small,MatchedContainedSpanPoint,0,14.678760088041088,0,951374
Uniform-Small,Capacity8,0,14.38015815959741,0,970918
Uniform-Small,Capacity32,0,16.71884663602173,0,835157
Uniform-Small,Capacity64,0,21.696475054229936,0,643556
Uniform-Small,Capacity64,1,22.702382302892797,0,615287
Uniform-Small,Capacity32,1,16.415346737792365,0,850513
Uniform-Small,Capacity8,1,11.704417788180221,0,1192882
Uniform-Small,MatchedContainedSpanPoint,1,12.54459078080903,0,1112961
Uniform-Small,MatchedContainedPoint,1,13.551863143631437,0,1030248
Uniform-Small,InternalContainedSpan,1,12.239798103395534,0,1140881
Uniform-Small,MatchedContainedSpan,1,11.030548662806728,0,1265823
Uniform-Small,MatchedContained,1,14.13270929000353,0,988019
Uniform-Small,ContainedSpan,1,13.726140651801028,0,1017335
Uniform-Small,SpanTraversal,1,12.618826868495743,0,1106679
Uniform-Small,RootContained,1,13.927601809954751,0,1002677
Uniform-Small,InternalContained,1,14.3443528146289,0,973361
Uniform-Small,Contained,1,14.13572438162544,0,987670
Uniform-Small,ListCount,1,10.339906952700956,0,1350281
Uniform-Small,SpanCollector,1,9.982210578842315,0,1398792
Uniform-Small,SIMD,1,227.0666666666667,0,61773
Uniform-Small,After,1,12.3541383570105,0,1130062
Uniform-Small,Before,1,13.948988842398883,0,1000932
Uniform-Small,Before,2,12.907387096774194,0,1081900
Uniform-Small,After,2,14.122979174020474,0,988717
Uniform-Small,SIMD,2,320.6968,0,43625
Uniform-Small,SpanCollector,2,12.344338167232335,0,1131109
Uniform-Small,ListCount,2,9.592877697841727,0,1455330
Uniform-Small,Contained,2,12.192624199939043,0,1145069
Uniform-Small,InternalContained,2,10.444046997389034,0,1336670
Uniform-Small,RootContained,2,12.2437576499388,0,1140532
Uniform-Small,SpanTraversal,2,10.020140280561122,0,1393208
Uniform-Small,ContainedSpan,2,10.56701003697834,0,1321314
Uniform-Small,MatchedContained,2,10.958449739797317,0,1274199
Uniform-Small,MatchedContainedSpan,2,12.197439024390244,0,1144720
Uniform-Small,InternalContainedSpan,2,12.548933500627353,0,1112612
Uniform-Small,MatchedContainedPoint,2,12.323012939001849,0,1132854
Uniform-Small,MatchedContainedSpanPoint,2,11.751792009400704,0,1187996
Uniform-Small,Capacity8,2,12.846050096339113,0,1086786
Uniform-Small,Capacity32,2,13.433322147651008,0,1040020
Uniform-Small,Capacity64,2,18.420257826887664,0,758028
Uniform-Small,Capacity64,3,18.469773880941393,0,756283
Uniform-Small,Capacity32,3,16.89847972972973,0,826432
Uniform-Small,Capacity8,3,9.843110236220474,0,1418336
Uniform-Small,MatchedContainedSpanPoint,3,13.261219754723234,0,1052933
Uniform-Small,MatchedContainedPoint,3,14.636004390779362,0,953817
Uniform-Small,InternalContainedSpan,3,10.744023636852,0,1299327
Uniform-Small,MatchedContainedSpan,3,12.634038522260814,0,1105283
Uniform-Small,MatchedContained,3,15.218067706352226,0,917521
Uniform-Small,ContainedSpan,3,10.547745847614026,0,1323757
Uniform-Small,SpanTraversal,3,13.143166885676742,0,1062356
Uniform-Small,RootContained,3,11.887459138187221,0,1174385
Uniform-Small,InternalContained,3,12.403596899224805,0,1125525
Uniform-Small,Contained,3,12.371459492888064,0,1128666
Uniform-Small,ListCount,3,10.207706047461087,0,1367731
Uniform-Small,SpanCollector,3,15.030127723516152,0,929038
Uniform-Small,SIMD,3,257.41987179487177,0,54444
Uniform-Small,After,3,11.235748385285032,0,1242789
Uniform-Small,Before,3,11.086260387811635,0,1259890
Uniform-Small,Before,4,12.638850284270372,0,1104934
Uniform-Small,After,4,9.57200287150036,0,1458471
Uniform-Small,SIMD,4,222.40722222222223,0,62820
Uniform-Small,SpanCollector,4,12.80521766965429,0,1090276
Uniform-Small,ListCount,4,12.193020420603476,0,1145069
Uniform-Small,Contained,4,11.234260039314798,0,1242789
Uniform-Small,InternalContained,4,12.423913043478262,0,1123780
Uniform-Small,RootContained,4,11.203724446933633,0,1246279
Uniform-Small,SpanTraversal,4,12.73227243793762,0,1096558
Uniform-Small,ContainedSpan,4,11.506614897900489,0,1213473
Uniform-Small,MatchedContained,4,12.48932584269663,0,1118196
Uniform-Small,MatchedContainedSpan,4,10.017756073127975,0,1393557
Uniform-Small,InternalContainedSpan,4,10.987009063444107,0,1270709
Uniform-Small,MatchedContainedPoint,4,12.469990651293237,0,1119941
Uniform-Small,MatchedContainedSpanPoint,4,11.234456613310869,0,1242789
Uniform-Small,Capacity8,4,10.815706947823736,0,1290951
Uniform-Small,Capacity32,4,13.65933765790372,0,1022221
Uniform-Small,Capacity64,4,16.445088368269626,0,849117
Uniform-Small,Capacity64,5,20.959088528025145,0,666241
Uniform-Small,Capacity32,5,15.91842419419021,0,877037
Uniform-Small,Capacity8,5,12.981570408825437,0,1075618
Uniform-Small,MatchedContainedSpanPoint,5,13.525726842461122,0,1032342
Uniform-Small,MatchedContainedPoint,5,13.137602627257799,0,1062705
Uniform-Small,InternalContainedSpan,5,11.377901023890784,0,1227084
Uniform-Small,MatchedContainedSpan,5,10.20033146353901,0,1368778
Uniform-Small,MatchedContained,5,14.183481035093937,0,984529
Uniform-Small,ContainedSpan,5,12.65877886744701,0,1103189
Uniform-Small,SpanTraversal,5,12.819384812560077,0,1089229
Uniform-Small,RootContained,5,11.0746194298367,0,1260937
Uniform-Small,InternalContained,5,12.184652862362972,0,1146116
Uniform-Small,Contained,5,10.515032851511169,0,1327945
Uniform-Small,ListCount,5,10.544122298365842,0,1324106
Uniform-Small,SpanCollector,5,10.36907724209435,0,1346442
Uniform-Small,SIMD,5,250.08819875776396,0,56189
Uniform-Small,After,5,14.438830747022735,0,967079
Uniform-Small,Before,5,12.391945477075588,0,1126572
Uniform-Small,Before,6,11.368030690537084,0,1228131
Uniform-Small,After,6,12.255068912710568,0,1139485
Uniform-Small,SIMD,6,260.55324675324675,0,53746
Uniform-Small,SpanCollector,6,13.427861698556562,0,1039671
Uniform-Small,ListCount,6,14.10916784203103,0,989764
Uniform-Small,Contained,6,16.496701030927834,0,846325
Uniform-Small,InternalContained,6,11.833717834960073,0,1179969
Uniform-Small,RootContained,6,11.78621502209131,0,1184855
Uniform-Small,SpanTraversal,6,13.883969465648855,0,1005818
Uniform-Small,ContainedSpan,6,14.190351188364668,0,983831
Uniform-Small,MatchedContained,6,16.36730769230769,0,852956
Uniform-Small,MatchedContainedSpan,6,10.674786552828175,0,1308052
Uniform-Small,InternalContainedSpan,6,11.303221248940378,0,1235111
Uniform-Small,MatchedContainedPoint,6,10.439665970772444,0,1337368
Uniform-Small,MatchedContainedSpanPoint,6,11.01398678414097,0,1267568
Uniform-Small,Capacity8,6,12.091477787851314,0,1154841
Uniform-Small,Capacity32,6,15.88217546645494,0,879131
Uniform-Small,Capacity64,6,20.986935991605456,0,665194
Uniform-Small,Capacity64,7,17.044482317852577,0,819103
Uniform-Small,Capacity32,7,15.571750972762647,0,896930
Uniform-Small,Capacity8,7,13.47433479285955,0,1036181
Uniform-Small,MatchedContainedSpanPoint,7,9.890185414091471,0,1411705
Uniform-Small,MatchedContainedPoint,7,13.049282452707109,0,1070034
Uniform-Small,InternalContainedSpan,7,14.100105745505816,0,990113
Uniform-Small,MatchedContainedSpan,7,12.893329036416372,0,1082947
Uniform-Small,MatchedContained,7,13.509253630530226,0,1033389
Uniform-Small,ContainedSpan,7,10.711081370449678,0,1303864
Uniform-Small,SpanTraversal,7,12.24551576369758,0,1140183
Uniform-Small,RootContained,7,12.853856041131104,0,1086088
Uniform-Small,InternalContained,7,13.355707610146862,0,1045604
Uniform-Small,Contained,7,15.995881647341063,0,872849
Uniform-Small,ListCount,7,11.948655913978493,0,1168452
Uniform-Small,SpanCollector,7,12.77713190673906,0,1092719
Uniform-Small,SIMD,7,226.47288135593217,0,61773
Uniform-Small,After,7,11.18923076923077,0,1247675
Uniform-Small,Before,7,10.142444219066938,0,1376456
Uniform-Small,Before,8,10.747166263765779,0,1299327
Uniform-Small,After,8,10.268865503080082,0,1359704
Uniform-Small,SIMD,8,253.38164556962028,0,55142
Uniform-Small,SpanCollector,8,12.448879900435593,0,1121686
Uniform-Small,ListCount,8,12.623698327548123,0,1105981
Uniform-Small,Contained,8,12.871621621621621,0,1084692
Uniform-Small,InternalContained,8,13.515844594594595,0,1033040
Uniform-Small,RootContained,8,11.988432724003596,0,1164613
Uniform-Small,SpanTraversal,8,10.397401247401246,0,1342952
Uniform-Small,ContainedSpan,8,13.797896551724138,0,1012100
Uniform-Small,MatchedContained,8,13.211922060766181,0,1056772
Uniform-Small,MatchedContainedSpan,8,10.744963738920225,0,1299327
Uniform-Small,InternalContainedSpan,8,14.499202609641175,0,962891
Uniform-Small,MatchedContainedPoint,8,15.009564891222805,0,930434
Uniform-Small,MatchedContainedSpanPoint,8,11.631578947368421,0,1200211
Uniform-Small,Capacity8,8,10.593802966101695,0,1317824
Uniform-Small,Capacity32,8,13.231150793650794,0,1055376
Uniform-Small,Capacity64,8,22.472303370786516,0,621220
Uniform-Medium,Before,0,139.38536585365853,0,6327776
Uniform-Medium,After,0,98.31769041769043,0,8973536
Uniform-Medium,SIMD,0,364.0345454545455,0,2425280
Uniform-Medium,SpanCollector,0,106.89333333333333,0,8268000
Uniform-Medium,ListCount,0,99.45632754342432,0,8885344
Uniform-Medium,Contained,0,140.6877192982456,0,6283680
Uniform-Medium,InternalContained,0,132.33267326732675,0,6680544
Uniform-Medium,RootContained,0,173.41645021645022,0,5093088
Uniform-Medium,SpanTraversal,0,139.09583333333333,0,6349824
Uniform-Medium,ContainedSpan,0,113.98091168091169,0,7738848
Uniform-Medium,MatchedContained,0,126.81962025316456,0,6967168
Uniform-Medium,MatchedContainedSpan,0,130.98692810457516,0,6746688
Uniform-Medium,InternalContainedSpan,0,180.12690582959644,0,4916704
Uniform-Medium,MatchedContainedPoint,0,137.04931506849314,0,6438016
Uniform-Medium,MatchedContainedSpanPoint,0,103.47441860465116,0,8532576
Uniform-Medium,Capacity8,0,134.86241610738256,0,6570304
Uniform-Medium,Capacity32,0,165.45495867768594,0,5335616
Uniform-Medium,Capacity64,0,169.89745762711865,0,5203328
Uniform-Medium,Capacity64,1,172.7948275862069,0,5115136
Uniform-Medium,Capacity32,1,139.88292682926829,0,6327776
Uniform-Medium,Capacity8,1,185.28333333333333,0,4762368
Uniform-Medium,MatchedContainedSpanPoint,1,133.34366666666665,0,6614400
Uniform-Medium,MatchedContainedPoint,1,126.7626582278481,0,6967168
Uniform-Medium,InternalContainedSpan,1,139.034375,0,6349824
Uniform-Medium,MatchedContainedSpan,1,141.45441696113073,0,6239584
Uniform-Medium,MatchedContained,1,190.27488151658767,0,4652128
Uniform-Medium,ContainedSpan,1,163.952868852459,0,5379712
Uniform-Medium,SpanTraversal,1,183.8316513761468,0,4806464
Uniform-Medium,RootContained,1,202.0175879396985,0,4387552
Uniform-Medium,InternalContained,1,211.06631578947366,0,4189120
Uniform-Medium,Contained,1,127.01677215189875,0,6967168
Uniform-Medium,ListCount,1,99.85336658354115,0,8841248
Uniform-Medium,SpanCollector,1,108.83315217391304,0,8113664
Uniform-Medium,SIMD,1,473.98823529411766,0,1874080
Uniform-Medium,After,1,103.19613402061856,0,8554624
Uniform-Medium,Before,1,132.10528052805282,0,6680544
Uniform-Medium,Before,2,164.4606557377049,0,5379712
Uniform-Medium,After,2,130.38827361563517,0,6768736
Uniform-Medium,SIMD,2,462.75747126436784,0,1918176
Uniform-Medium,SpanCollector,2,114.25754985754986,0,7738848
Uniform-Medium,ListCount,2,133.24850498338873,0,6636448
Uniform-Medium,Contained,2,121.63666666666666,0,7275840
Uniform-Medium,InternalContained,2,137.0205479452055,0,6438016
Uniform-Medium,RootContained,2,132.53377483443708,0,6658496
Uniform-Medium,SpanTraversal,2,176.93348017621145,0,5004896
Uniform-Medium,ContainedSpan,2,140.7101754385965,0,6283680
Uniform-Medium,MatchedContained,2,118.01382352941175,0,7496320
Uniform-Medium,MatchedContainedSpan,2,128.20383386581472,0,6901024
Uniform-Medium,InternalContainedSpan,2,158.55494071146245,0,5578144
Uniform-Medium,MatchedContainedPoint,2,145.85345454545453,0,6063200
Uniform-Medium,MatchedContainedSpanPoint,2,142.62348754448396,0,6195488
Uniform-Medium,Capacity8,2,176.29603524229074,0,5004896
Uniform-Medium,Capacity32,2,164.7502057613169,0,5357664
Uniform-Medium,Capacity64,2,178.05866666666665,0,4960800
Uniform-Medium,Capacity64,3,210.48429319371726,0,4211168
Uniform-Medium,Capacity32,3,184.0683486238532,0,4806464
Uniform-Medium,Capacity8,3,171.09914529914528,0,5159232
Uniform-Medium,MatchedContainedSpanPoint,3,112.55786516853932,0,7849088
Uniform-Medium,MatchedContainedPoint,3,129.80032362459548,0,6812832
Uniform-Medium,InternalContainedSpan,3,151.78257575757576,0,5820672
Uniform-Medium,MatchedContainedSpan,3,103.48811369509045,0,8532576
Uniform-Medium,MatchedContained,3,123.41784615384616,0,7165600
Uniform-Medium,ContainedSpan,3,121.39575757575757,0,7275840
Uniform-Medium,SpanTraversal,3,140.06083916083918,0,6305728
Uniform-Medium,RootContained,3,172.3047210300429,0,5137184
Uniform-Medium,InternalContained,3,204.61173469387757,0,4321408
Uniform-Medium,Contained,3,148.92230483271376,0,5930912
Uniform-Medium,ListCount,3,116.16231884057972,0,7606560
Uniform-Medium,SpanCollector,3,121.86808510638298,0,7253792
Uniform-Medium,SIMD,3,465.46046511627907,0,1896128
Uniform-Medium,After,3,146.0065693430657,0,6041152
Uniform-Medium,Before,3,162.21376518218625,0,5445856
Uniform-Medium,Before,4,152.77528517110267,0,5798624
Uniform-Medium,After,4,109.14550408719346,0,8091616
Uniform-Medium,SIMD,4,359.575,0,2469376
Uniform-Medium,SpanCollector,4,94.14635294117646,0,9370400
Uniform-Medium,ListCount,4,119.28660714285715,0,7408128
Uniform-Medium,Contained,4,115.17040229885059,0,7672704
Uniform-Medium,InternalContained,4,156.457421875,0,5644288
Uniform-Medium,RootContained,4,157.95826771653543,0,5600192
Uniform-Medium,SpanTraversal,4,175.57587719298246,0,5026944
Uniform-Medium,ContainedSpan,4,105.9968253968254,0,8334144
Uniform-Medium,MatchedContained,4,163.50367346938776,0,5401760
Uniform-Medium,MatchedContainedSpan,4,134.0361204013378,0,6592352
Uniform-Medium,InternalContainedSpan,4,150.18052434456928,0,5886816
Uniform-Medium,MatchedContainedPoint,4,138.5916955017301,0,6371872
Uniform-Medium,MatchedContainedSpanPoint,4,100.94735516372796,0,8753056
Uniform-Medium,Capacity8,4,135.98474576271187,0,6504160
Uniform-Medium,Capacity32,4,170.77659574468086,0,5181280
Uniform-Medium,Capacity64,4,184.27798165137614,0,4806464
Uniform-Medium,Capacity64,5,193.37391304347827,0,4563936
Uniform-Medium,Capacity32,5,167.16333333333333,0,5291520
Uniform-Medium,Capacity8,5,184.88248847926266,0,4784416
Uniform-Medium,MatchedContainedSpanPoint,5,141.79858657243815,0,6239584
Uniform-Medium,MatchedContainedPoint,5,178.21155555555555,0,4960800
Uniform-Medium,InternalContainedSpan,5,201.58844221105528,0,4387552
Uniform-Medium,MatchedContainedSpan,5,126.85632911392405,0,6967168
Uniform-Medium,MatchedContained,5,156.676171875,0,5644288
Uniform-Medium,ContainedSpan,5,147.3091911764706,0,5997056
Uniform-Medium,SpanTraversal,5,167.5397489539749,0,5269472
Uniform-Medium,RootContained,5,167.5682008368201,0,5269472
Uniform-Medium,InternalContained,5,177.96266666666665,0,4960800
Uniform-Medium,Contained,5,125.8698113207547,0,7011264
Uniform-Medium,ListCount,5,100.42531328320801,0,8797152
Uniform-Medium,SpanCollector,5,95.21211401425178,0,9282208
Uniform-Medium,SIMD,5,389.4834951456311,0,2270944
Uniform-Medium,After,5,103.80155038759689,0,8532576
Uniform-Medium,Before,5,140.03286713286712,0,6305728
Uniform-Medium,Before,6,151.046992481203,0,5864768
Uniform-Medium,After,6,134.9026936026936,0,6548256
Uniform-Medium,SIMD,6,419.81874999999997,0,2116608
Uniform-Medium,SpanCollector,6,107.17245989304813,0,8245952
Uniform-Medium,ListCount,6,110.5646408839779,0,7981376
Uniform-Medium,Contained,6,160.65341365461848,0,5489952
Uniform-Medium,InternalContained,6,168.25546218487395,0,5247424
Uniform-Medium,RootContained,6,138.26275862068965,0,6393920
Uniform-Medium,SpanTraversal,6,139.08055555555555,0,6349824
Uniform-Medium,ContainedSpan,6,114.15270655270655,0,7738848
Uniform-Medium,MatchedContained,6,161.99595141700405,0,5445856
Uniform-Medium,MatchedContainedSpan,6,98.55812807881773,0,8951488
Uniform-Medium,InternalContainedSpan,6,142.08900709219859,0,6217536
Uniform-Medium,MatchedContainedPoint,6,149.63134328358208,0,5908864
Uniform-Medium,MatchedContainedSpanPoint,6,109.02561307901908,0,8091616
Uniform-Medium,Capacity8,6,166.348132780083,0,5313568
Uniform-Medium,Capacity32,6,180.1833333333333,0,4894656
Uniform-Medium,Capacity64,6,216.98324324324324,0,4078880
Uniform-Medium,Capacity64,7,211.73439153439156,0,4167072
Uniform-Medium,Capacity32,7,164.88888888888889,0,5357664
Uniform-Medium,Capacity8,7,174.10478260869564,0,5071040
Uniform-Medium,MatchedContainedSpanPoint,7,141.45795053003533,0,6239584
Uniform-Medium,MatchedContainedPoint,7,154.67258687258686,0,5710432
Uniform-Medium,InternalContainedSpan,7,139.23263888888889,0,6349824
Uniform-Medium,MatchedContainedSpan,7,130.98888888888888,0,6746688
Uniform-Medium,MatchedContained,7,155.2422480620155,0,5688384
Uniform-Medium,ContainedSpan,7,143.4505376344086,0,6151392
Uniform-Medium,SpanTraversal,7,142.99035714285716,0,6173440
Uniform-Medium,RootContained,7,135.98610169491525,0,6504160
Uniform-Medium,InternalContained,7,151.65132075471698,0,5842720
Uniform-Medium,Contained,7,119.93283582089552,0,7386080
Uniform-Medium,ListCount,7,114.30341880341881,0,7738848
Uniform-Medium,SpanCollector,7,140.16083916083917,0,6305728
Uniform-Medium,SIMD,7,430.7279569892473,0,2050464
Uniform-Medium,After,7,101.5230964467005,0,8686912
Uniform-Medium,Before,7,136.95972696245732,0,6460064
Uniform-Medium,Before,8,133.35747508305647,0,6636448
Uniform-Medium,After,8,128.24775641025641,0,6878976
Uniform-Medium,SIMD,8,439.6670329670329,0,2006368
Uniform-Medium,SpanCollector,8,111.83491620111732,0,7893184
Uniform-Medium,ListCount,8,131.43836065573768,0,6724640
Uniform-Medium,Contained,8,135.0993265993266,0,6548256
Uniform-Medium,InternalContained,8,127.88083067092651,0,6901024
Uniform-Medium,RootContained,8,126.40567823343848,0,6989216
Uniform-Medium,SpanTraversal,8,121.2530303030303,0,7275840
Uniform-Medium,ContainedSpan,8,109.65095890410959,0,8047520
Uniform-Medium,MatchedContained,8,130.18896103896103,0,6790784
Uniform-Medium,MatchedContainedSpan,8,107.90053908355794,0,8179808
Uniform-Medium,InternalContainedSpan,8,126.25157232704403,0,7011264
Uniform-Medium,MatchedContainedPoint,8,126.0119496855346,0,7011264
Uniform-Medium,MatchedContainedSpanPoint,8,99.72537313432835,0,8863296
Uniform-Medium,Capacity8,8,134.3288590604027,0,6570304
Uniform-Medium,Capacity32,8,160.438,0,5512000
Uniform-Medium,Capacity64,8,186.4786046511628,0,4740320
Uniform-Broad,Before,0,611.4439393939394,0,10791528
Uniform-Broad,After,0,435.2935483870968,0,15206244
Uniform-Broad,SIMD,0,866.5787234042552,0,7684876
Uniform-Broad,SpanCollector,0,461.62528735632185,0,14225196
Uniform-Broad,ListCount,0,480.0404761904762,0,13734672
Uniform-Broad,Contained,0,594.7132352941177,0,11118544
Uniform-Broad,InternalContained,0,601.4402985074627,0,10955036
Uniform-Broad,RootContained,0,756.967924528302,0,8665924
Uniform-Broad,SpanTraversal,0,607.1833333333333,0,10791528
Uniform-Broad,ContainedSpan,0,436.99782608695654,0,15042736
Uniform-Broad,MatchedContained,0,437.1923913043478,0,15042736
Uniform-Broad,MatchedContainedSpan,0,500.45061728395063,0,13244148
Uniform-Broad,InternalContainedSpan,0,607.7257575757576,0,10791528
Uniform-Broad,MatchedContainedPoint,0,522.8922077922077,0,12590116
Uniform-Broad,MatchedContainedSpanPoint,0,477.4535714285714,0,13734672
Uniform-Broad,Capacity8,0,965.6142857142858,0,6867336
Uniform-Broad,Capacity32,0,747.1166666666667,0,8829432
Uniform-Broad,Capacity64,0,693.0413793103448,0,9483464
Uniform-Broad,Capacity64,1,706.5491228070176,0,9319956
Uniform-Broad,Capacity32,1,705.8228070175439,0,9319956
Uniform-Broad,Capacity8,1,978.8341463414633,0,6703828
Uniform-Broad,MatchedContainedSpanPoint,1,522.9363636363636,0,12590116
Uniform-Broad,MatchedContainedPoint,1,569.1352112676057,0,11609068
Uniform-Broad,InternalContainedSpan,1,581.2159420289855,0,11282052
Uniform-Broad,MatchedContainedSpan,1,509.21772151898733,0,12917132
Uniform-Broad,MatchedContained,1,512.9897435897435,0,12753624
Uniform-Broad,ContainedSpan,1,492.14512195121955,0,13407656
Uniform-Broad,SpanTraversal,1,618.7169230769231,0,10628020
Uniform-Broad,RootContained,1,640.5666666666666,0,10301004
Uniform-Broad,InternalContained,1,529.6434210526317,0,12426608
Uniform-Broad,Contained,1,524.3727272727273,0,12590116
Uniform-Broad,ListCount,1,473.1223529411765,0,13898180
Uniform-Broad,SpanCollector,1,453.01235955056177,0,14552212
Uniform-Broad,SIMD,1,874.6717391304348,0,7521368
Uniform-Broad,After,1,535.412,0,12263100
Uniform-Broad,Before,1,798.3764705882353,0,8338908
Uniform-Broad,Before,2,637.6809523809524,0,10301004
Uniform-Broad,After,2,453.65955056179774,0,14552212
Uniform-Broad,SIMD,2,750.5092592592592,0,8829432
Uniform-Broad,SpanCollector,2,363.7681818181818,0,17985880
Uniform-Broad,ListCount,2,434.96881720430105,0,15206244
Uniform-Broad,Contained,2,522.035064935065,0,12590116
Uniform-Broad,InternalContained,2,603.9716417910447,0,10955036
Uniform-Broad,RootContained,2,840.4583333333334,0,7848384
Uniform-Broad,SpanTraversal,2,911.6681818181819,0,7194352
Uniform-Broad,ContainedSpan,2,557.2208333333333,0,11772576
Uniform-Broad,MatchedContained,2,537.7826666666666,0,12263100
Uniform-Broad,MatchedContainedSpan,2,530.3000000000001,0,12426608
Uniform-Broad,InternalContainedSpan,2,591.0088235294118,0,11118544
Uniform-Broad,MatchedContainedPoint,2,567.1295774647887,0,11609068
Uniform-Broad,MatchedContainedSpanPoint,2,582.6565217391304,0,11282052
Uniform-Broad,Capacity8,2,1010.175,0,6540320
Uniform-Broad,Capacity32,2,687.2779661016949,0,9646972
Uniform-Broad,Capacity64,2,704.6877192982456,0,9319956
Uniform-Broad,Capacity64,3,645.7032258064515,0,10137496
Uniform-Broad,Capacity32,3,706.0210526315789,0,9319956
Uniform-Broad,Capacity8,3,771.7673076923077,0,8502416
Uniform-Broad,MatchedContainedSpanPoint,3,426.4776595744681,0,15369752
Uniform-Broad,MatchedContainedPoint,3,536.1413333333334,0,12263100
Uniform-Broad,InternalContainedSpan,3,628.3171875,0,10464512
Uniform-Broad,MatchedContainedSpan,3,391.7067961165049,0,16841324
Uniform-Broad,MatchedContained,3,512.1822784810126,0,12917132
Uniform-Broad,ContainedSpan,3,484.7855421686747,0,13571164
Uniform-Broad,SpanTraversal,3,611.5060606060606,0,10791528
Uniform-Broad,RootContained,3,643.1952380952381,0,10301004
Uniform-Broad,InternalContained,3,629.0546875,0,10464512
Uniform-Broad,Contained,3,498.3308641975309,0,13244148
Uniform-Broad,ListCount,3,516.7153846153847,0,12753624
Uniform-Broad,SpanCollector,3,340.493220338983,0,19293944
Uniform-Broad,SIMD,3,819.5551020408162,0,8011892
Uniform-Broad,After,3,495.53827160493825,0,13244148
Uniform-Broad,Before,3,806.682,0,8175400
Uniform-Broad,Before,4,687.3305084745763,0,9646972
Uniform-Broad,After,4,581.2188405797101,0,11282052
Uniform-Broad,SIMD,4,861.8468085106383,0,7684876
Uniform-Broad,SpanCollector,4,493.64512195121955,0,13407656
Uniform-Broad,ListCount,4,480.75,0,13734672
Uniform-Broad,Contained,4,516.1782051282051,0,12753624
Uniform-Broad,InternalContained,4,606.119696969697,0,10791528
Uniform-Broad,RootContained,4,767.9283018867924,0,8665924
Uniform-Broad,SpanTraversal,4,739.0381818181818,0,8992940
Uniform-Broad,ContainedSpan,4,580.568115942029,0,11282052
Uniform-Broad,MatchedContained,4,477.50941176470593,0,13898180
Uniform-Broad,MatchedContainedSpan,4,518.8807692307691,0,12753624
Uniform-Broad,InternalContainedSpan,4,706.6087719298245,0,9319956
Uniform-Broad,MatchedContainedPoint,4,604.9805970149254,0,10955036
Uniform-Broad,MatchedContainedSpanPoint,4,586.7202898550725,0,11282052
Uniform-Broad,Capacity8,4,1053.9394736842105,0,6213304
Uniform-Broad,Capacity32,4,782.2903846153846,0,8502416
Uniform-Broad,Capacity64,4,835.1645833333333,0,7848384
Uniform-Broad,Capacity64,5,792.070588235294,0,8338908
Uniform-Broad,Capacity32,5,590.2926470588236,0,11118544
Uniform-Broad,Capacity8,5,1005.4375,0,6540320
Uniform-Broad,MatchedContainedSpanPoint,5,532.021052631579,0,12426608
Uniform-Broad,MatchedContainedPoint,5,572.5400000000001,0,11445560
Uniform-Broad,InternalContainedSpan,5,598.9089552238806,0,10955036
Uniform-Broad,MatchedContainedSpan,5,493.490243902439,0,13407656
Uniform-Broad,MatchedContained,5,580.2927536231883,0,11282052
Uniform-Broad,ContainedSpan,5,559.3944444444445,0,11772576
Uniform-Broad,SpanTraversal,5,819.0836734693877,0,8011892
Uniform-Broad,RootContained,5,837.2208333333333,0,7848384
Uniform-Broad,InternalContained,5,698.9379310344827,0,9483464
Uniform-Broad,Contained,5,668.4050000000001,0,9810480
Uniform-Broad,ListCount,5,521.8675324675326,0,12590116
Uniform-Broad,SpanCollector,5,439.05326086956524,0,15042736
Uniform-Broad,SIMD,5,866.9106382978724,0,7684876
Uniform-Broad,After,5,538.228,0,12263100
Uniform-Broad,Before,5,729.8563636363637,0,8992940
Uniform-Broad,Before,6,818.03,0,8175400
Uniform-Broad,After,6,519.0435897435898,0,12753624
Uniform-Broad,SIMD,6,826.5857142857142,0,8011892
Uniform-Broad,SpanCollector,6,418.3510416666666,0,15696768
Uniform-Broad,ListCount,6,547.3216216216217,0,12099592
Uniform-Broad,Contained,6,537.6173333333334,0,12263100
Uniform-Broad,InternalContained,6,665.4147540983607,0,9973988
Uniform-Broad,RootContained,6,826,0,8011892
Uniform-Broad,SpanTraversal,6,812.298,0,8175400
Uniform-Broad,ContainedSpan,6,490.5536585365854,0,13407656
Uniform-Broad,MatchedContained,6,506.24375,0,13080640
Uniform-Broad,MatchedContainedSpan,6,496.1802469135802,0,13244148
Uniform-Broad,InternalContainedSpan,6,542.9,0,12099592
Uniform-Broad,MatchedContainedPoint,6,457.62159090909086,0,14388704
Uniform-Broad,MatchedContainedSpanPoint,6,512.5518987341771,0,12917132
Uniform-Broad,Capacity8,6,1079.0763157894737,0,6213304
Uniform-Broad,Capacity32,6,850.0666666666666,0,7848384
Uniform-Broad,Capacity64,6,758.3056603773584,0,8665924
Uniform-Broad,Capacity64,7,789.0666666666667,0,8338908
Uniform-Broad,Capacity32,7,760.6943396226416,0,8665924
Uniform-Broad,Capacity8,7,988.7121951219511,0,6703828
Uniform-Broad,MatchedContainedSpanPoint,7,510.026582278481,0,12917132
Uniform-Broad,MatchedContainedPoint,7,511.99113924050636,0,12917132
Uniform-Broad,InternalContainedSpan,7,666.1032786885246,0,9973988
Uniform-Broad,MatchedContainedSpan,7,412.83367346938775,0,16023784
Uniform-Broad,MatchedContained,7,539.4813333333333,0,12263100
Uniform-Broad,ContainedSpan,7,549.5726027397261,0,11936084
Uniform-Broad,SpanTraversal,7,827.4224489795918,0,8011892
Uniform-Broad,RootContained,7,719.4375,0,9156448
Uniform-Broad,InternalContained,7,578.7471428571429,0,11445560
Uniform-Broad,Contained,7,510.8544303797468,0,12917132
Uniform-Broad,ListCount,7,527.8118421052632,0,12426608
Uniform-Broad,SpanCollector,7,348.3060344827586,0,18966928
Uniform-Broad,SIMD,7,889.9977777777779,0,7357860
Uniform-Broad,After,7,472.4858823529412,0,13898180
Uniform-Broad,Before,7,693.457627118644,0,9646972
Uniform-Broad,Before,8,776.3557692307693,0,8502416
Uniform-Broad,After,8,451.33222222222224,0,14715720
Uniform-Broad,SIMD,8,852.6872340425532,0,7684876
Uniform-Broad,SpanCollector,8,476.4364705882353,0,13898180
Uniform-Broad,ListCount,8,528.671052631579,0,12426608
Uniform-Broad,Contained,8,583.7217391304348,0,11282052
Uniform-Broad,InternalContained,8,573.0285714285715,0,11445560
Uniform-Broad,RootContained,8,808.676,0,8175400
Uniform-Broad,SpanTraversal,8,889.0311111111112,0,7357860
Uniform-Broad,ContainedSpan,8,560.4930555555555,0,11772576
Uniform-Broad,MatchedContained,8,573.3057142857143,0,11445560
Uniform-Broad,MatchedContainedSpan,8,552.5835616438357,0,11936084
Uniform-Broad,InternalContainedSpan,8,649.7483870967742,0,10137496
Uniform-Broad,MatchedContainedPoint,8,527.153947368421,0,12426608
Uniform-Broad,MatchedContainedSpanPoint,8,543.2918918918919,0,12099592
Uniform-Broad,Capacity8,8,972.2761904761904,0,6867336
Uniform-Broad,Capacity32,8,826.5510204081633,0,8011892
Uniform-Broad,Capacity64,8,742.9092592592592,0,8829432
Uniform-All,Before,0,2905.7642857142855,0,8960000
Uniform-All,After,0,1568.353846153846,0,16640000
Uniform-All,SIMD,0,2269.5,0,11520000
Uniform-All,SpanCollector,0,1285.64375,0,20480000
Uniform-All,ListCount,0,1580.7423076923078,0,16640000
Uniform-All,Contained,0,1717.7583333333332,0,15360000
Uniform-All,InternalContained,0,1685.9791666666667,0,15360000
Uniform-All,RootContained,0,1393.3620689655172,0,18560000
Uniform-All,SpanTraversal,0,2889.092857142857,0,8960000
Uniform-All,ContainedSpan,0,1574.8884615384616,0,16640000
Uniform-All,MatchedContained,0,1501.1851851851852,0,17280000
Uniform-All,MatchedContainedSpan,0,1601.9279999999999,0,16000000
Uniform-All,InternalContainedSpan,0,1608.396,0,16000000
Uniform-All,MatchedContainedPoint,0,1712.6583333333335,0,15360000
Uniform-All,MatchedContainedSpanPoint,0,1631.612,0,16000000
Uniform-All,Capacity8,0,3407.5,0,7680000
Uniform-All,Capacity32,0,2794.86,0,9600000
Uniform-All,Capacity64,0,2637.64375,0,10240000
Uniform-All,Capacity64,1,2519.63125,0,10240000
Uniform-All,Capacity32,1,2887.4,0,8960000
Uniform-All,Capacity8,1,3736.7454545454543,0,7040000
Uniform-All,MatchedContainedSpanPoint,1,1523.6333333333332,0,17280000
Uniform-All,MatchedContainedPoint,1,1610.848,0,16000000
Uniform-All,InternalContainedSpan,1,1519.2444444444443,0,17280000
Uniform-All,MatchedContainedSpan,1,1497.3037037037036,0,17280000
Uniform-All,MatchedContained,1,1440.875,0,17920000
Uniform-All,ContainedSpan,1,1415.7482758620688,0,18560000
Uniform-All,SpanTraversal,1,3115.492307692308,0,8320000
Uniform-All,RootContained,1,1439.125,0,17920000
Uniform-All,InternalContained,1,1618.26,0,16000000
Uniform-All,Contained,1,1609.444,0,16000000
Uniform-All,ListCount,1,1609.144,0,16000000
Uniform-All,SpanCollector,1,1246.1575757575756,0,21120000
Uniform-All,SIMD,1,2200.2105263157896,0,12160000
Uniform-All,After,1,1586.3923076923077,0,16640000
Uniform-All,Before,1,2979.7285714285713,0,8960000
Uniform-All,Before,2,3096.4307692307693,0,8320000
Uniform-All,After,2,1590.0307692307692,0,16640000
Uniform-All,SIMD,2,2103.055,0,12800000
Uniform-All,SpanCollector,2,1150.8342857142857,0,22400000
Uniform-All,ListCount,2,1687.4458333333332,0,15360000
Uniform-All,Contained,2,1922.9619047619046,0,13440000
Uniform-All,InternalContained,2,2038.22,0,12800000
Uniform-All,RootContained,2,1607.944,0,16000000
Uniform-All,SpanTraversal,2,3287.3076923076924,0,8320000
Uniform-All,ContainedSpan,2,1646.652,0,16000000
Uniform-All,MatchedContained,2,1821.3181818181818,0,14080000
Uniform-All,MatchedContainedSpan,2,1557.3807692307694,0,16640000
Uniform-All,InternalContainedSpan,2,1914.7,0,14080000
Uniform-All,MatchedContainedPoint,2,1972.095238095238,0,13440000
Uniform-All,MatchedContainedSpanPoint,2,1793.0652173913043,0,14720000
Uniform-All,Capacity8,2,3956.990909090909,0,7040000
Uniform-All,Capacity32,2,2523.95625,0,10240000
Uniform-All,Capacity64,2,2547.025,0,10240000
Uniform-All,Capacity64,3,2897.5214285714287,0,8960000
Uniform-All,Capacity32,3,2503.925,0,10240000
Uniform-All,Capacity8,3,2722.4625,0,10240000
Uniform-All,MatchedContainedSpanPoint,3,1566.4538461538464,0,16640000
Uniform-All,MatchedContainedPoint,3,1788.0521739130434,0,14720000
Uniform-All,InternalContainedSpan,3,1832.6227272727272,0,14080000
Uniform-All,MatchedContainedSpan,3,1567.5230769230768,0,16640000
Uniform-All,MatchedContained,3,1781.682608695652,0,14720000
Uniform-All,ContainedSpan,3,1776.2652173913043,0,14720000
Uniform-All,SpanTraversal,3,3302.276923076923,0,8320000
Uniform-All,RootContained,3,1602.3,0,16000000
Uniform-All,InternalContained,3,1841.5136363636366,0,14080000
Uniform-All,Contained,3,2036.765,0,12800000
Uniform-All,ListCount,3,2130.4052631578948,0,12160000
Uniform-All,SpanCollector,3,1329.4451612903226,0,19840000
Uniform-All,SIMD,3,2222.0315789473684,0,12160000
Uniform-All,After,3,1641.1960000000001,0,16000000
Uniform-All,Before,3,3234.415384615385,0,8320000
Uniform-All,Before,4,3180.7615384615387,0,8320000
Uniform-All,After,4,1711.4833333333333,0,15360000
Uniform-All,SIMD,4,2165.9105263157894,0,12160000
Uniform-All,SpanCollector,4,1330.4870967741936,0,19840000
Uniform-All,ListCount,4,1541.3076923076924,0,16640000
Uniform-All,Contained,4,1651.9560000000001,0,16000000
Uniform-All,InternalContained,4,1641.096,0,16000000
Uniform-All,RootContained,4,1516.6925925925925,0,17280000
Uniform-All,SpanTraversal,4,2958.921428571429,0,8960000
Uniform-All,ContainedSpan,4,1568.8576923076923,0,16640000
Uniform-All,MatchedContained,4,1620.1960000000001,0,16000000
Uniform-All,MatchedContainedSpan,4,1565.3000000000002,0,16640000
Uniform-All,InternalContainedSpan,4,1392.6137931034484,0,18560000
Uniform-All,MatchedContainedPoint,4,1637.2839999999999,0,16000000
Uniform-All,MatchedContainedSpanPoint,4,1645.476,0,16000000
Uniform-All,Capacity8,4,3392.558333333333,0,7680000
Uniform-All,Capacity32,4,2574.675,0,10240000
Uniform-All,Capacity64,4,2560.70625,0,10240000
Uniform-All,Capacity64,5,2959.4785714285713,0,8960000
Uniform-All,Capacity32,5,3190.8230769230768,0,8320000
Uniform-All,Capacity8,5,3825.509090909091,0,7040000
Uniform-All,MatchedContainedSpanPoint,5,1705.2083333333333,0,15360000
Uniform-All,MatchedContainedPoint,5,1601.96,0,16000000
Uniform-All,InternalContainedSpan,5,1578.7653846153846,0,16640000
Uniform-All,MatchedContainedSpan,5,1298.9129032258065,0,19840000
Uniform-All,MatchedContained,5,1443.1178571428572,0,17920000
Uniform-All,ContainedSpan,5,1566.076923076923,0,16640000
Uniform-All,SpanTraversal,5,3312.623076923077,0,8320000
Uniform-All,RootContained,5,1359.4666666666667,0,19200000
Uniform-All,InternalContained,5,1365.3566666666666,0,19200000
Uniform-All,Contained,5,1595.3076923076924,0,16640000
Uniform-All,ListCount,5,1549.8846153846155,0,16640000
Uniform-All,SpanCollector,5,1306.3322580645163,0,19840000
Uniform-All,SIMD,5,2163.063157894737,0,12160000
Uniform-All,After,5,1674.9458333333332,0,15360000
Uniform-All,Before,5,3245.507692307692,0,8320000
Uniform-All,Before,6,2812.6200000000003,0,9600000
Uniform-All,After,6,1589.6153846153845,0,16640000
Uniform-All,SIMD,6,2143.9105263157894,0,12160000
Uniform-All,SpanCollector,6,1047.0461538461539,0,24960000
Uniform-All,ListCount,6,1604.356,0,16000000
Uniform-All,Contained,6,1755.4173913043478,0,14720000
Uniform-All,InternalContained,6,1737.5583333333334,0,15360000
Uniform-All,RootContained,6,1486.6333333333332,0,17280000
Uniform-All,SpanTraversal,6,2934.671428571429,0,8960000
Uniform-All,ContainedSpan,6,1647.76,0,16000000
Uniform-All,MatchedContained,6,1472.9607142857144,0,17920000
Uniform-All,MatchedContainedSpan,6,1539.8851851851853,0,17280000
Uniform-All,InternalContainedSpan,6,1612.0720000000001,0,16000000
Uniform-All,MatchedContainedPoint,6,1584.75,0,16640000
Uniform-All,MatchedContainedSpanPoint,6,1654.244,0,16000000
Uniform-All,Capacity8,6,3823.109090909091,0,7040000
Uniform-All,Capacity32,6,3004.2357142857145,0,8960000
Uniform-All,Capacity64,6,2837.826666666667,0,9600000
Uniform-All,Capacity64,7,2018.0700000000002,0,12800000
Uniform-All,Capacity32,7,2109.0789473684213,0,12160000
Uniform-All,Capacity8,7,2996.1071428571427,0,8960000
Uniform-All,MatchedContainedSpanPoint,7,1633.0720000000001,0,16000000
Uniform-All,MatchedContainedPoint,7,1645.796,0,16000000
Uniform-All,InternalContainedSpan,7,1646.54,0,16000000
Uniform-All,MatchedContainedSpan,7,1588.9692307692308,0,16640000
Uniform-All,MatchedContained,7,1463.2607142857144,0,17920000
Uniform-All,ContainedSpan,7,1612.896,0,16000000
Uniform-All,SpanTraversal,7,3244.3923076923074,0,8320000
Uniform-All,RootContained,7,1511.9037037037037,0,17280000
Uniform-All,InternalContained,7,1605.22,0,16000000
Uniform-All,Contained,7,1624.94,0,16000000
Uniform-All,ListCount,7,1701.1041666666667,0,15360000
Uniform-All,SpanCollector,7,1223.3969696969696,0,21120000
Uniform-All,SIMD,7,2126.115789473684,0,12160000
Uniform-All,After,7,1635,0,16000000
Uniform-All,Before,7,3263.4076923076927,0,8320000
Uniform-All,Before,8,3256.9692307692308,0,8320000
Uniform-All,After,8,1605.876,0,16000000
Uniform-All,SIMD,8,2258.811111111111,0,11520000
Uniform-All,SpanCollector,8,1254.734375,0,20480000
Uniform-All,ListCount,8,1646.352,0,16000000
Uniform-All,Contained,8,1537.562962962963,0,17280000
Uniform-All,InternalContained,8,1643.276,0,16000000
Uniform-All,RootContained,8,1461.9964285714286,0,17920000
Uniform-All,SpanTraversal,8,3200.346153846154,0,8320000
Uniform-All,ContainedSpan,8,1547.15,0,16640000
Uniform-All,MatchedContained,8,1563.2576923076922,0,16640000
Uniform-All,MatchedContainedSpan,8,1617.308,0,16000000
Uniform-All,InternalContainedSpan,8,1639.976,0,16000000
Uniform-All,MatchedContainedPoint,8,1581.8038461538463,0,16640000
Uniform-All,MatchedContainedSpanPoint,8,1452.2964285714286,0,17920000
Uniform-All,Capacity8,8,3827.181818181818,0,7040000
Uniform-All,Capacity32,8,2591.64375,0,10240000
Uniform-All,Capacity64,8,2551.6875,0,10240000
Uniform-Miss,Before,0,0.3271590397906187,0,0
Uniform-Miss,After,0,0.3213228796812493,0,0
Uniform-Miss,SIMD,0,198.3960396039604,0,0
Uniform-Miss,SpanCollector,0,0.3717264836533279,0,0
Uniform-Miss,ListCount,0,0.24349091174716028,0,0
Uniform-Miss,Contained,0,0.358244071075446,0,0
Uniform-Miss,InternalContained,0,0.3882270728795628,0,0
Uniform-Miss,RootContained,0,0.36928829269643726,0,0
Uniform-Miss,SpanTraversal,0,0.3815839430681027,0,0
Uniform-Miss,ContainedSpan,0,0.36289827986645373,0,0
Uniform-Miss,MatchedContained,0,0.36403199825265514,0,0
Uniform-Miss,MatchedContainedSpan,0,0.41178414437043825,0,0
Uniform-Miss,InternalContainedSpan,0,0.3940032702271429,0,0
Uniform-Miss,MatchedContainedPoint,0,0.37994642755371494,0,0
Uniform-Miss,MatchedContainedSpanPoint,0,0.3694861397204851,0,0
Uniform-Miss,Capacity8,0,0.35646582837995594,0,0
Uniform-Miss,Capacity32,0,0.3501488121290639,0,0
Uniform-Miss,Capacity64,0,0.3616767333357445,0,0
Uniform-Miss,Capacity64,1,0.3621294971844502,0,0
Uniform-Miss,Capacity32,1,0.3529422145359251,0,0
Uniform-Miss,Capacity8,1,0.35336713870508935,0,0
Uniform-Miss,MatchedContainedSpanPoint,1,0.37911382807316846,0,0
Uniform-Miss,MatchedContainedPoint,1,0.37556922210224875,0,0
Uniform-Miss,InternalContainedSpan,1,0.3717688718701786,0,0
Uniform-Miss,MatchedContainedSpan,1,0.3630399070620161,0,0
Uniform-Miss,MatchedContained,1,0.3628028262269507,0,0
Uniform-Miss,ContainedSpan,1,0.35922623056820324,0,0
Uniform-Miss,SpanTraversal,1,0.3710043036284039,0,0
Uniform-Miss,RootContained,1,0.38981415610107883,0,0
Uniform-Miss,InternalContained,1,0.37102746523945124,0,0
Uniform-Miss,Contained,1,0.36648342586993565,0,0
Uniform-Miss,ListCount,1,0.24957104975822805,0,0
Uniform-Miss,SpanCollector,1,0.36005634867769637,0,0
Uniform-Miss,SIMD,1,201.002,0,0
Uniform-Miss,After,1,0.32033314647233124,0,0
Uniform-Miss,Before,1,0.30949683928723415,0,0
Uniform-Miss,Before,2,0.3040961547233499,0,0
Uniform-Miss,After,2,0.3212051617669496,0,0
Uniform-Miss,SIMD,2,199.34825870646767,0,0
Uniform-Miss,SpanCollector,2,0.3623492857207562,0,0
Uniform-Miss,ListCount,2,0.2445218082342513,0,0
Uniform-Miss,Contained,2,0.41437998549673677,0,0
Uniform-Miss,InternalContained,2,0.370723931156566,0,0
Uniform-Miss,RootContained,2,0.3810096680478164,0,0
Uniform-Miss,SpanTraversal,2,0.37054720284578824,0,0
Uniform-Miss,ContainedSpan,2,0.36226814954354436,0,0
Uniform-Miss,MatchedContained,2,0.3664287939026401,0,0
Uniform-Miss,MatchedContainedSpan,2,0.3619230734430561,0,0
Uniform-Miss,InternalContainedSpan,2,0.3704570502431118,0,0
Uniform-Miss,MatchedContainedPoint,2,0.3764079835135364,0,0
Uniform-Miss,MatchedContainedSpanPoint,2,0.3713744568648568,0,0
Uniform-Miss,Capacity8,2,0.35602976386503016,0,0
Uniform-Miss,Capacity32,2,0.35120683448499906,0,0
Uniform-Miss,Capacity64,2,0.3520360836083608,0,0
Uniform-Miss,Capacity64,3,0.3499794388107758,0,0
Uniform-Miss,Capacity32,3,0.3502166965810095,0,0
Uniform-Miss,Capacity8,3,0.35506093718100074,0,0
Uniform-Miss,MatchedContainedSpanPoint,3,0.37204643116245323,0,0
Uniform-Miss,MatchedContainedPoint,3,0.3719989212112194,0,0
Uniform-Miss,InternalContainedSpan,3,0.3706167943740793,0,0
Uniform-Miss,MatchedContainedSpan,3,0.36205173693452325,0,0
Uniform-Miss,MatchedContained,3,0.3779022749603204,0,0
Uniform-Miss,ContainedSpan,3,0.3602072977451193,0,0
Uniform-Miss,SpanTraversal,3,0.37018120233952767,0,0
Uniform-Miss,RootContained,3,0.36940673426793,0,0
Uniform-Miss,InternalContained,3,0.369059086211987,0,0
Uniform-Miss,Contained,3,0.3577794474110249,0,0
Uniform-Miss,ListCount,3,0.25183016658482227,0,0
Uniform-Miss,SpanCollector,3,0.36017216229357635,0,0
Uniform-Miss,SIMD,3,198.49405940594062,0,0
Uniform-Miss,After,3,0.31810316033909625,0,0
Uniform-Miss,Before,3,0.30190729936373034,0,0
Uniform-Miss,Before,4,0.302027348439659,0,0
Uniform-Miss,After,4,0.3175586094108494,0,0
Uniform-Miss,SIMD,4,198.0064039408867,0,0
Uniform-Miss,SpanCollector,4,0.3649901452660778,0,0
Uniform-Miss,ListCount,4,0.2467396601178176,0,0
Uniform-Miss,Contained,4,0.35740720884933613,0,0
Uniform-Miss,InternalContained,4,0.3703404345934135,0,0
Uniform-Miss,RootContained,4,0.3735971532110435,0,0
Uniform-Miss,SpanTraversal,4,0.3707308030956022,0,0
Uniform-Miss,ContainedSpan,4,0.35752042330312295,0,0
Uniform-Miss,MatchedContained,4,0.360723786849913,0,0
Uniform-Miss,MatchedContainedSpan,4,0.3619403525281407,0,0
Uniform-Miss,InternalContainedSpan,4,0.36881315925352215,0,0
Uniform-Miss,MatchedContainedPoint,4,0.37004921642274313,0,0
Uniform-Miss,MatchedContainedSpanPoint,4,0.36894334889040564,0,0
Uniform-Miss,Capacity8,4,0.3513914999033681,0,0
Uniform-Miss,Capacity32,4,0.3496075655077176,0,0
Uniform-Miss,Capacity64,4,0.3511768785721184,0,0
Uniform-Miss,Capacity64,5,0.3494526711221771,0,0
Uniform-Miss,Capacity32,5,0.3532837560941143,0,0
Uniform-Miss,Capacity8,5,0.35017026901629156,0,0
Uniform-Miss,MatchedContainedSpanPoint,5,0.36907362982100017,0,0
Uniform-Miss,MatchedContainedPoint,5,0.374152784143524,0,0
Uniform-Miss,InternalContainedSpan,5,0.36821223753371446,0,0
Uniform-Miss,MatchedContainedSpan,5,0.3626500453309157,0,0
Uniform-Miss,MatchedContained,5,0.3611006292147003,0,0
Uniform-Miss,ContainedSpan,5,0.3571970745559594,0,0
Uniform-Miss,SpanTraversal,5,0.3713296386034292,0,0
Uniform-Miss,RootContained,5,0.37473276936192534,0,0
Uniform-Miss,InternalContained,5,0.37797891236158876,0,0
Uniform-Miss,Contained,5,0.35782105413819015,0,0
Uniform-Miss,ListCount,5,0.24360448474735233,0,0
Uniform-Miss,SpanCollector,5,0.3608545034642032,0,0
Uniform-Miss,SIMD,5,198.71485148514853,0,0
Uniform-Miss,After,5,0.34103213375280284,0,0
Uniform-Miss,Before,5,0.32075955863484734,0,0
Uniform-Miss,Before,6,0.302167294922834,0,0
Uniform-Miss,After,6,0.3191395996393723,0,0
Uniform-Miss,SIMD,6,197.61970443349756,0,0
Uniform-Miss,SpanCollector,6,0.36083822720178976,0,0
Uniform-Miss,ListCount,6,0.2444088695535283,0,0
Uniform-Miss,Contained,6,0.3568124241775494,0,0
Uniform-Miss,InternalContained,6,0.37188386125082507,0,0
Uniform-Miss,RootContained,6,0.3711823985746631,0,0
Uniform-Miss,SpanTraversal,6,0.36952525243193807,0,0
Uniform-Miss,ContainedSpan,6,0.3574966484940567,0,0
Uniform-Miss,MatchedContained,6,0.3604772719080062,0,0
Uniform-Miss,MatchedContainedSpan,6,0.36147499502973124,0,0
Uniform-Miss,InternalContainedSpan,6,0.36863301661613324,0,0
Uniform-Miss,MatchedContainedPoint,6,0.3697618739484923,0,0
Uniform-Miss,MatchedContainedSpanPoint,6,0.37283013943777493,0,0
Uniform-Miss,Capacity8,6,0.35464451320607504,0,0
Uniform-Miss,Capacity32,6,0.35672968875412464,0,0
Uniform-Miss,Capacity64,6,0.354811641253537,0,0
Uniform-Miss,Capacity64,7,0.35432182971335435,0,0
Uniform-Miss,Capacity32,7,0.35121475797034,0,0
Uniform-Miss,Capacity8,7,0.35311357898267975,0,0
Uniform-Miss,MatchedContainedSpanPoint,7,0.3692278580329534,0,0
Uniform-Miss,MatchedContainedPoint,7,0.3680573063793373,0,0
Uniform-Miss,InternalContainedSpan,7,0.37614323462757304,0,0
Uniform-Miss,MatchedContainedSpan,7,0.3602332492795389,0,0
Uniform-Miss,MatchedContained,7,0.36166309527038637,0,0
Uniform-Miss,ContainedSpan,7,0.3574519230769231,0,0
Uniform-Miss,SpanTraversal,7,0.36891272469034464,0,0
Uniform-Miss,RootContained,7,0.3690395792969831,0,0
Uniform-Miss,InternalContained,7,0.3689807853736382,0,0
Uniform-Miss,Contained,7,0.3612506434744913,0,0
Uniform-Miss,ListCount,7,0.24387864598575748,0,0
Uniform-Miss,SpanCollector,7,0.3598596554361027,0,0
Uniform-Miss,SIMD,7,198.26683168316833,0,0
Uniform-Miss,After,7,0.31946840457478753,0,0
Uniform-Miss,Before,7,0.3019065302055973,0,0
Uniform-Miss,Before,8,0.30277111260814604,0,0
Uniform-Miss,After,8,0.31809383697813126,0,0
Uniform-Miss,SIMD,8,198.17821782178217,0,0
Uniform-Miss,SpanCollector,8,0.3629815152587591,0,0
Uniform-Miss,ListCount,8,0.24783362970030792,0,0
Uniform-Miss,Contained,8,0.35756427217792397,0,0
Uniform-Miss,InternalContained,8,0.3743689574812582,0,0
Uniform-Miss,RootContained,8,0.3695578262717345,0,0
Uniform-Miss,SpanTraversal,8,0.3709045389216004,0,0
Uniform-Miss,ContainedSpan,8,0.357459718858634,0,0
Uniform-Miss,MatchedContained,8,0.36017486358479356,0,0
Uniform-Miss,MatchedContainedSpan,8,0.360296343001261,0,0
Uniform-Miss,InternalContainedSpan,8,0.36780194014068324,0,0
Uniform-Miss,MatchedContainedPoint,8,0.36985852981969486,0,0
Uniform-Miss,MatchedContainedSpanPoint,8,0.36776720452351397,0,0
Uniform-Miss,Capacity8,8,0.3507435726561678,0,0
Uniform-Miss,Capacity32,8,0.3492504212833207,0,0
Uniform-Miss,Capacity64,8,0.35164923076923077,0,0
Clustered-Point,Before,0,1.2225991808790269,0,229026
Clustered-Point,After,0,1.1140450064056147,0,251342
Clustered-Point,SIMD,0,195.33951219512196,0,1435
Clustered-Point,SpanCollector,0,1.1935193197075937,0,234605
Clustered-Point,ListCount,0,1.102834220175898,0,253897
Clustered-Point,Contained,0,1.3262897877984086,0,211120
Clustered-Point,InternalContained,0,1.3186187572111423,0,212345
Clustered-Point,RootContained,0,1.3069134511713005,0,214249
Clustered-Point,SpanTraversal,0,1.1268875366238449,0,248472
Clustered-Point,ContainedSpan,0,1.1512562958699093,0,243215
Clustered-Point,MatchedContained,0,1.316229022704837,0,212730
Clustered-Point,MatchedContainedSpan,0,1.1372643789270178,0,246211
Clustered-Point,InternalContainedSpan,0,1.2215012062173634,0,229229
Clustered-Point,MatchedContainedPoint,0,1.314891029223234,0,212947
Clustered-Point,MatchedContainedSpanPoint,0,1.3159889459139362,0,212772
Clustered-Point,Capacity8,0,1.102455695504782,0,253981
Clustered-Point,Capacity32,0,1.4855498198833885,0,188489
Clustered-Point,Capacity64,0,2.972718489892985,0,94192
Clustered-Point,Capacity64,1,2.916220747976963,0,96019
Clustered-Point,Capacity32,1,1.4851488824534047,0,188538
Clustered-Point,Capacity8,1,1.09905756285204,0,254765
Clustered-Point,MatchedContainedSpanPoint,1,1.3113034356150013,0,213528
Clustered-Point,MatchedContainedPoint,1,1.3072124183006535,0,214200
Clustered-Point,InternalContainedSpan,1,1.217498097702024,0,229985
Clustered-Point,MatchedContainedSpan,1,1.1386717526829686,0,245903
Clustered-Point,MatchedContained,1,1.3163556784151116,0,212709
Clustered-Point,ContainedSpan,1,1.15639617241479,0,242137
Clustered-Point,SpanTraversal,1,1.1252820209863,0,248829
Clustered-Point,RootContained,1,1.3043007597248035,0,214683
Clustered-Point,InternalContained,1,1.3491803831624394,0,207536
Clustered-Point,Contained,1,1.326703150912106,0,211050
Clustered-Point,ListCount,1,1.0921476546715447,0,256382
Clustered-Point,SpanCollector,1,1.1734737583242878,0,238609
Clustered-Point,SIMD,1,195.99609756097558,0,1435
Clustered-Point,After,1,1.1224975445488985,0,249445
Clustered-Point,Before,1,1.2219459294333284,0,229145
Clustered-Point,Before,2,1.2479782852864094,0,224364
Clustered-Point,After,2,1.1119673088149447,0,251811
Clustered-Point,SIMD,2,195.45951219512193,0,1435
Clustered-Point,SpanCollector,2,1.1723249611676094,0,238847
Clustered-Point,ListCount,2,1.092741627055674,0,256242
Clustered-Point,Contained,2,1.3408588093322606,0,208824
Clustered-Point,InternalContained,2,1.3363098817398276,0,209538
Clustered-Point,RootContained,2,1.3068313241203569,0,214263
Clustered-Point,SpanTraversal,2,1.1278661253031073,0,248262
Clustered-Point,ContainedSpan,2,1.1576228511894426,0,241878
Clustered-Point,MatchedContained,2,1.316948706130243,0,212618
Clustered-Point,MatchedContainedSpan,2,1.1385745189570762,0,245924
Clustered-Point,InternalContainedSpan,2,1.220435684647303,0,229432
Clustered-Point,MatchedContainedPoint,2,1.3158590743116552,0,212793
Clustered-Point,MatchedContainedSpanPoint,2,1.3082022435163685,0,214039
Clustered-Point,Capacity8,2,1.1294358482042015,0,247912
Clustered-Point,Capacity32,2,1.488889302464081,0,188062
Clustered-Point,Capacity64,2,2.9609400444115472,0,94570
Clustered-Point,Capacity64,3,2.956263395166654,0,94717
Clustered-Point,Capacity32,3,1.475561621601682,0,189763
Clustered-Point,Capacity8,3,1.67973460989334,0,166698
Clustered-Point,MatchedContainedSpanPoint,3,1.9278519446720324,0,145243
Clustered-Point,MatchedContainedPoint,3,2.3368639364374597,0,119819
Clustered-Point,InternalContainedSpan,3,1.4916097997538875,0,187719
Clustered-Point,MatchedContainedSpan,3,1.5056345980126467,0,185976
Clustered-Point,MatchedContained,3,1.7148460944868387,0,163282
Clustered-Point,ContainedSpan,3,1.3526121800290807,0,207011
Clustered-Point,SpanTraversal,3,1.36726825266612,0,204792
Clustered-Point,RootContained,3,1.8076690166305134,0,154896
Clustered-Point,InternalContained,3,2.214120447248976,0,126462
Clustered-Point,Contained,3,1.8804155697630687,0,148904
Clustered-Point,ListCount,3,1.6789012003693444,0,166782
Clustered-Point,SpanCollector,3,1.5579785783836415,0,179725
Clustered-Point,SIMD,3,296.92518518518517,0,945
Clustered-Point,After,3,1.9465401459854015,0,143850
Clustered-Point,Before,3,1.6004601288360742,0,174951
Clustered-Point,Before,4,1.6006442319234924,0,174937
Clustered-Point,After,4,1.3379950495049504,0,209272
Clustered-Point,SIMD,4,258.31290322580645,0,1085
Clustered-Point,SpanCollector,4,1.3608457508335032,0,205758
Clustered-Point,ListCount,4,1.759501187648456,0,159138
Clustered-Point,Contained,4,1.6833726117330192,0,166334
Clustered-Point,InternalContained,4,1.638558905456333,0,170884
Clustered-Point,RootContained,4,2.22908888269713,0,125615
Clustered-Point,SpanTraversal,4,1.3875160428734954,0,201803
Clustered-Point,ContainedSpan,4,1.4937525673102057,0,187453
Clustered-Point,MatchedContained,4,1.6896384218974403,0,165718
Clustered-Point,MatchedContainedSpan,4,1.3167056190131339,0,212653
Clustered-Point,InternalContainedSpan,4,1.3715916883829378,0,204148
Clustered-Point,MatchedContainedPoint,4,1.559212629117131,0,179585
Clustered-Point,MatchedContainedSpanPoint,4,1.9663225679594947,0,142401
Clustered-Point,Capacity8,4,1.6091560061147316,0,174006
Clustered-Point,Capacity32,4,1.7600140795494543,0,159096
Clustered-Point,Capacity64,4,3.579187544738726,0,78232
Clustered-Point,Capacity64,5,4.5393781207444395,0,61684
Clustered-Point,Capacity32,5,2.250875021101795,0,124397
Clustered-Point,Capacity8,5,1.5998440187177538,0,175021
Clustered-Point,MatchedContainedSpanPoint,5,1.8983675018982538,0,147504
Clustered-Point,MatchedContainedPoint,5,2.156572137157645,0,129836
Clustered-Point,InternalContainedSpan,5,2.128499973394349,0,131551
Clustered-Point,MatchedContainedSpan,5,1.4674125976741625,0,190813
Clustered-Point,MatchedContained,5,2.1381153455556148,0,130963
Clustered-Point,ContainedSpan,5,1.3788831437435367,0,203070
Clustered-Point,SpanTraversal,5,1.6406833189778927,0,170667
Clustered-Point,RootContained,5,1.6854548518939874,0,166131
Clustered-Point,InternalContained,5,1.8723132372214941,0,149548
Clustered-Point,Contained,5,1.4025596072931277,0,199640
Clustered-Point,ListCount,5,1.1249479723269025,0,248906
Clustered-Point,SpanCollector,5,1.3664708092781743,0,204911
Clustered-Point,SIMD,5,194.98495145631068,0,1442
Clustered-Point,After,5,1.1115517145556606,0,251902
Clustered-Point,Before,5,1.2971074648161358,0,215866
Clustered-Point,Before,6,1.235281946760546,0,226674
Clustered-Point,After,6,1.1093432802706749,0,252406
Clustered-Point,SIMD,6,197.89408866995075,0,1421
Clustered-Point,SpanCollector,6,1.1703326604055122,0,239253
Clustered-Point,ListCount,6,1.091126568466994,0,256620
Clustered-Point,Contained,6,1.323259122035132,0,211603
Clustered-Point,InternalContained,6,1.3143758420136038,0,213031
Clustered-Point,RootContained,6,1.3090189148504483,0,213906
Clustered-Point,SpanTraversal,6,1.1541795308307123,0,242599
Clustered-Point,ContainedSpan,6,1.1704754937820043,0,239225
Clustered-Point,MatchedContained,6,1.3280577689243027,0,210840
Clustered-Point,MatchedContainedSpan,6,1.148369315571888,0,243824
Clustered-Point,InternalContainedSpan,6,1.2145594218740512,0,230538
Clustered-Point,MatchedContainedPoint,6,1.3093453355155482,0,213850
Clustered-Point,MatchedContainedSpanPoint,6,1.33638246692503,0,209524
Clustered-Point,Capacity8,6,1.101638667033875,0,254170
Clustered-Point,Capacity32,6,1.4833166462713687,0,188769
Clustered-Point,Capacity64,6,2.9302029155373233,0,95557
Clustered-Point,Capacity64,7,2.919318347686469,0,95914
Clustered-Point,Capacity32,7,1.4804767015803693,0,189133
Clustered-Point,Capacity8,7,1.1069961808822715,0,252938
Clustered-Point,MatchedContainedSpanPoint,7,1.3081068707282775,0,214053
Clustered-Point,MatchedContainedPoint,7,1.314827597541334,0,212961
Clustered-Point,InternalContainedSpan,7,1.2339389826325693,0,226919
Clustered-Point,MatchedContainedSpan,7,1.1374385076918703,0,246169
Clustered-Point,MatchedContained,7,1.3138146226105236,0,213122
Clustered-Point,ContainedSpan,7,1.1656632474647395,0,240212
Clustered-Point,SpanTraversal,7,1.1339324186415694,0,246932
Clustered-Point,RootContained,7,1.3259853482281965,0,211169
Clustered-Point,InternalContained,7,1.320148514851485,0,212100
Clustered-Point,Contained,7,1.3233970753655793,0,211582
Clustered-Point,ListCount,7,1.089956129594812,0,256893
Clustered-Point,SpanCollector,7,1.180890384672158,0,237111
Clustered-Point,SIMD,7,196.19117647058823,0,1428
Clustered-Point,After,7,1.1107183517063284,0,252091
Clustered-Point,Before,7,1.2577380203747957,0,222628
Clustered-Point,Before,8,1.267295019642631,0,220948
Clustered-Point,After,8,1.1058026705000967,0,253211
Clustered-Point,SIMD,8,195.39560975609754,0,1435
Clustered-Point,SpanCollector,8,1.189402634474146,0,235417
Clustered-Point,ListCount,8,1.0894245172535884,0,257019
Clustered-Point,Contained,8,1.3245331125827815,0,211400
Clustered-Point,InternalContained,8,1.319853499191606,0,212149
Clustered-Point,RootContained,8,1.5822943037974684,0,176960
Clustered-Point,SpanTraversal,8,1.1909015124449207,0,235116
Clustered-Point,ContainedSpan,8,1.1874369174137624,0,235802
Clustered-Point,MatchedContained,8,1.331799567171633,0,210245
Clustered-Point,MatchedContainedSpan,8,1.154201292705448,0,242592
Clustered-Point,InternalContainedSpan,8,1.2165080137465405,0,230167
Clustered-Point,MatchedContainedPoint,8,1.3142796122884837,0,213045
Clustered-Point,MatchedContainedSpanPoint,8,1.3072322624922383,0,214193
Clustered-Point,Capacity8,8,1.120838937457969,0,249816
Clustered-Point,Capacity32,8,1.4851377441152445,0,188538
Clustered-Point,Capacity64,8,2.9250438724773327,0,95732
Clustered-Small,Before,0,2.865336676217765,0,5639840
Clustered-Small,After,0,2.4351129238448896,0,6636508
Clustered-Small,SIMD,0,197.04433497536945,0,82012
Clustered-Small,SpanCollector,0,2.4545962199312714,0,6583584
Clustered-Small,ListCount,0,2.339341481958009,0,6907996
Clustered-Small,Contained,0,2.809207107240677,0,5752556
Clustered-Small,InternalContained,0,3.073376872839032,0,5258060
Clustered-Small,RootContained,0,2.946839546191248,0,5483896
Clustered-Small,SpanTraversal,0,2.6668,0,6060000
Clustered-Small,ContainedSpan,0,2.5388828943192636,0,6365020
Clustered-Small,MatchedContained,0,2.815095003518649,0,5740840
Clustered-Small,MatchedContainedSpan,0,2.467596076738017,0,6549244
Clustered-Small,InternalContainedSpan,0,2.718718140420037,0,5944052
Clustered-Small,MatchedContainedPoint,0,2.9002610208816706,0,5571968
Clustered-Small,MatchedContainedSpanPoint,0,2.6120412694266686,0,6186856
Clustered-Small,Capacity8,0,2.882382187635106,0,5606712
Clustered-Small,Capacity32,0,2.931171686084854,0,5513388
Clustered-Small,Capacity64,0,4.199643044619423,0,3848100
Clustered-Small,Capacity64,1,4.220065407743433,0,3829516
Clustered-Small,Capacity32,1,2.942137393350986,0,5492784
Clustered-Small,Capacity8,1,2.868959334433049,0,5632972
Clustered-Small,MatchedContainedSpanPoint,1,2.6232080792183097,0,6160596
Clustered-Small,MatchedContainedPoint,1,2.9870594384707285,0,5410368
Clustered-Small,InternalContainedSpan,1,2.7390988770199947,0,5900016
Clustered-Small,MatchedContainedSpan,1,2.483941877794337,0,6506016
Clustered-Small,MatchedContained,1,2.830432321517017,0,5709732
Clustered-Small,ContainedSpan,1,2.5481972225761242,0,6341992
Clustered-Small,SpanTraversal,1,2.655194158645868,0,6086260
Clustered-Small,RootContained,1,2.9589096826688364,0,5461676
Clustered-Small,InternalContained,1,3.076022762227007,0,5253616
Clustered-Small,Contained,1,2.8130590717299575,0,5744880
Clustered-Small,ListCount,1,2.3466854393992724,0,6886584
Clustered-Small,SpanCollector,1,2.4571902451010503,0,6576716
Clustered-Small,SIMD,1,196.89705882352942,0,82416
Clustered-Small,After,1,2.4371961250228478,0,6630852
Clustered-Small,Before,1,2.8467724717101985,0,5676604
Clustered-Small,Before,2,2.822331193113667,0,5725892
Clustered-Small,After,2,2.435527277155382,0,6635296
Clustered-Small,SIMD,2,198.8589108910891,0,81608
Clustered-Small,SpanCollector,2,2.4583271878072765,0,6573888
Clustered-Small,ListCount,2,2.345394312518323,0,6890220
Clustered-Small,Contained,2,2.811181390118772,0,5748516
Clustered-Small,InternalContained,2,3.113746399937729,0,5190188
Clustered-Small,RootContained,2,2.935977981651376,0,5504500
Clustered-Small,SpanTraversal,2,2.618756137479542,0,6171100
Clustered-Small,ContainedSpan,2,2.5328689925916543,0,6380372
Clustered-Small,MatchedContained,2,2.832773882869485,0,5704884
Clustered-Small,MatchedContainedSpan,2,2.4705330121672535,0,6541164
Clustered-Small,InternalContainedSpan,2,2.7409620391941893,0,5895976
Clustered-Small,MatchedContainedPoint,2,2.8703358208955225,0,5630144
Clustered-Small,MatchedContainedSpanPoint,2,2.6131434544029264,0,6184432
Clustered-Small,Capacity8,2,2.852106951871658,0,5666100
Clustered-Small,Capacity32,2,2.9401690554943034,0,5496420
Clustered-Small,Capacity64,2,4.1920561727101235,0,3854968
Clustered-Small,Capacity64,3,4.175615866388309,0,3870320
Clustered-Small,Capacity32,3,2.9394224410316703,0,5498036
Clustered-Small,Capacity8,3,2.9004060324825987,0,5571968
Clustered-Small,MatchedContainedSpanPoint,3,2.6219782380702674,0,6163424
Clustered-Small,MatchedContainedPoint,3,2.864764019193583,0,5641052
Clustered-Small,InternalContainedSpan,3,2.744179186389518,0,5889108
Clustered-Small,MatchedContainedSpan,3,2.4550141156253837,0,6582776
Clustered-Small,MatchedContained,3,2.8339355295784627,0,5702460
Clustered-Small,ContainedSpan,3,2.519176270546004,0,6415116
Clustered-Small,SpanTraversal,3,2.6434113137721384,0,6113328
Clustered-Small,RootContained,3,2.9096959557753856,0,5554192
Clustered-Small,InternalContained,3,3.249561332250203,0,4973240
Clustered-Small,Contained,3,2.8122258155230595,0,5746496
Clustered-Small,ListCount,3,2.341453992039335,0,6901936
Clustered-Small,SpanCollector,3,2.5470869149952247,0,6344820
Clustered-Small,SIMD,3,197.74137931034483,0,82012
Clustered-Small,After,3,2.450392060769419,0,6594896
Clustered-Small,Before,3,2.9680566891741487,0,5444708
Clustered-Small,Before,4,2.8619231594762824,0,5646708
Clustered-Small,After,4,2.456527880127733,0,6578736
Clustered-Small,SIMD,4,200.83,0,80800
Clustered-Small,SpanCollector,4,2.4512807942149775,0,6592472
Clustered-Small,ListCount,4,2.353542009884679,0,6866384
Clustered-Small,Contained,4,2.814148023075841,0,5742456
Clustered-Small,InternalContained,4,3.1034991077663125,0,5207156
Clustered-Small,RootContained,4,2.9349622129283146,0,5506116
Clustered-Small,SpanTraversal,4,2.6504306917572227,0,6097168
Clustered-Small,ContainedSpan,4,2.573888424168329,0,6278564
Clustered-Small,MatchedContained,4,2.8490669515669516,0,5672160
Clustered-Small,MatchedContainedSpan,4,2.4779347085424024,0,6521772
Clustered-Small,InternalContainedSpan,4,2.728973939145859,0,5921832
Clustered-Small,MatchedContainedPoint,4,2.8622424155695474,0,5646304
Clustered-Small,MatchedContainedSpanPoint,4,2.6750484852537952,0,6041012
Clustered-Small,Capacity8,4,2.929320445225542,0,5517024
Clustered-Small,Capacity32,4,2.940839582414351,0,5495208
Clustered-Small,Capacity64,4,4.168135875794519,0,3877188
Clustered-Small,Capacity64,5,4.1971251704962755,0,3850524
Clustered-Small,Capacity32,5,2.9724104621786296,0,5437032
Clustered-Small,Capacity8,5,2.8674982078853044,0,5635800
Clustered-Small,MatchedContainedSpanPoint,5,2.621997902464604,0,6163424
Clustered-Small,MatchedContainedPoint,5,2.894016784835769,0,5584088
Clustered-Small,InternalContainedSpan,5,2.734944619171339,0,5908904
Clustered-Small,MatchedContainedSpan,5,2.4506585799179073,0,6594492
Clustered-Small,MatchedContained,5,2.8267189597908278,0,5717004
Clustered-Small,ContainedSpan,5,2.5353086576245403,0,6374312
Clustered-Small,SpanTraversal,5,2.66672,0,6060000
Clustered-Small,RootContained,5,2.926159473299195,0,5522680
Clustered-Small,InternalContained,5,3.1103646683772648,0,5195844
Clustered-Small,Contained,5,2.8153575450450448,0,5740032
Clustered-Small,ListCount,5,2.33947245291847,0,6907592
Clustered-Small,SpanCollector,5,2.456817344306596,0,6577928
Clustered-Small,SIMD,5,198.0876237623762,0,81608
Clustered-Small,After,5,2.5072834398896826,0,6445416
Clustered-Small,Before,5,2.838712653466752,0,5692764
Clustered-Small,Before,6,2.8570459252910507,0,5656404
Clustered-Small,After,6,2.436071863580999,0,6633680
Clustered-Small,SIMD,6,197.64679802955666,0,82012
Clustered-Small,SpanCollector,6,2.458543331284573,0,6573080
Clustered-Small,ListCount,6,2.3409960788903845,0,6903148
Clustered-Small,Contained,6,2.8112938365310285,0,5748516
Clustered-Small,InternalContained,6,3.072242703533026,0,5260080
Clustered-Small,RootContained,6,2.9167189208895374,0,5540860
Clustered-Small,SpanTraversal,6,2.6284184243379984,0,6148476
Clustered-Small,ContainedSpan,6,2.543970999745612,0,6352496
Clustered-Small,MatchedContained,6,2.827511133102425,0,5715388
Clustered-Small,MatchedContainedSpan,6,2.4632120204446086,0,6560556
Clustered-Small,InternalContainedSpan,6,2.7231806113418204,0,5934356
Clustered-Small,MatchedContainedPoint,6,2.8953387376954254,0,5581664
Clustered-Small,MatchedContainedSpanPoint,6,2.6314716137096243,0,6141204
Clustered-Small,Capacity8,6,2.8456142846980153,0,5679028
Clustered-Small,Capacity32,6,2.9567078128464783,0,5465716
Clustered-Small,Capacity64,6,4.19219241249214,0,3854968
Clustered-Small,Capacity64,7,4.224128827877508,0,3825880
Clustered-Small,Capacity32,7,2.9428308688295446,0,5491572
Clustered-Small,Capacity8,7,2.8561188062259033,0,5658424
Clustered-Small,MatchedContainedSpanPoint,7,2.6099236641221375,0,6192108
Clustered-Small,MatchedContainedPoint,7,2.854045376712329,0,5662464
Clustered-Small,InternalContainedSpan,7,2.7656042588495575,0,5843456
Clustered-Small,MatchedContainedSpan,7,2.5066487028449678,0,6447032
Clustered-Small,MatchedContained,7,2.8351619533631016,0,5700036
Clustered-Small,ContainedSpan,7,2.5508225991582707,0,6335528
Clustered-Small,SpanTraversal,7,2.6238307641849787,0,6158980
Clustered-Small,RootContained,7,2.9273911452616175,0,5520660
Clustered-Small,InternalContained,7,3.087434393331275,0,5234224
Clustered-Small,Contained,7,2.8024029704357574,0,5766696
Clustered-Small,ListCount,7,2.3462314505249577,0,6887796
Clustered-Small,SpanCollector,7,2.476597325408618,0,6525408
Clustered-Small,SIMD,7,197.79852216748768,0,82012
Clustered-Small,After,7,2.4410569353756024,0,6620348
Clustered-Small,Before,7,2.8433963605345465,0,5683472
Clustered-Small,Before,8,2.844471307686838,0,5681452
Clustered-Small,After,8,2.429025989798397,0,6653072
Clustered-Small,SIMD,8,196.89607843137256,0,82416
Clustered-Small,SpanCollector,8,2.4690142583791124,0,6545204
Clustered-Small,ListCount,8,2.332691859108934,0,6927792
Clustered-Small,Contained,8,2.8201071630005643,0,5730336
Clustered-Small,InternalContained,8,3.060174418604651,0,5281088
Clustered-Small,RootContained,8,2.926624231782265,0,5521872
Clustered-Small,SpanTraversal,8,2.609412915851272,0,6193320
Clustered-Small,ContainedSpan,8,2.5328499968340408,0,6380372
Clustered-Small,MatchedContained,8,2.8224440838213503,0,5725892
Clustered-Small,MatchedContainedSpan,8,2.461806880423411,0,6564596
Clustered-Small,InternalContainedSpan,8,2.7422910810996095,0,5893148
Clustered-Small,MatchedContainedPoint,8,2.8583279742765275,0,5653980
Clustered-Small,MatchedContainedSpanPoint,8,2.6379517277763123,0,6126256
Clustered-Small,Capacity8,8,2.9756899501599343,0,5430972
Clustered-Small,Capacity32,8,2.9341304188366464,0,5507732
Clustered-Small,Capacity64,8,4.201606974057347,0,3846484
Clustered-Medium,Before,0,62.361682242990646,0,12651252
Clustered-Medium,After,0,40.39485368314834,0,19528646
Clustered-Medium,SIMD,0,250.206875,0,3152960
Clustered-Medium,SpanCollector,0,34.675649913344884,0,22740724
Clustered-Medium,ListCount,0,40.1064128256513,0,19666588
Clustered-Medium,Contained,0,45.079729729729735,0,17498928
Clustered-Medium,InternalContained,0,55.58708333333333,0,14188320
Clustered-Medium,RootContained,0,63.994568690095846,0,12335956
Clustered-Medium,SpanTraversal,0,61.59385560675883,0,12828606
Clustered-Medium,ContainedSpan,0,41.83270637408569,0,18858642
Clustered-Medium,MatchedContained,0,42.37881355932203,0,18602464
Clustered-Medium,MatchedContainedSpan,0,40.713428280773144,0,19370998
Clustered-Medium,InternalContainedSpan,0,47.000586854460096,0,16789512
Clustered-Medium,MatchedContainedPoint,0,42.28247096092925,0,18661582
Clustered-Medium,MatchedContainedSpanPoint,0,40.793577981651374,0,19331586
Clustered-Medium,Capacity8,0,72.56938405797102,0,10877712
Clustered-Medium,Capacity32,0,62.77789968652038,0,12572428
Clustered-Medium,Capacity64,0,61.53241167434716,0,12828606
Clustered-Medium,Capacity64,1,61.28790199081164,0,12868018
Clustered-Medium,Capacity32,1,63.37863924050633,0,12454192
Clustered-Medium,Capacity8,1,72.60834845735026,0,10858006
Clustered-Medium,MatchedContainedSpanPoint,1,40.69654120040691,0,19370998
Clustered-Medium,MatchedContainedPoint,1,42.01374606505771,0,18779818
Clustered-Medium,InternalContainedSpan,1,46.87400468384075,0,16828924
Clustered-Medium,MatchedContainedSpan,1,41.16172839506172,0,19154232
Clustered-Medium,MatchedContained,1,44.21668508287293,0,17833930
Clustered-Medium,ContainedSpan,1,40.90255623721881,0,19272468
Clustered-Medium,SpanTraversal,1,60.656060606060606,0,13005960
Clustered-Medium,RootContained,1,62.16444099378882,0,12690664
Clustered-Medium,InternalContained,1,48.932273838630806,0,16119508
Clustered-Medium,Contained,1,42.13863157894737,0,18720700
Clustered-Medium,ListCount,1,39.33746312684365,0,20041002
Clustered-Medium,SpanCollector,1,34.04672340425532,0,23154550
Clustered-Medium,SIMD,1,252.16540880503146,0,3133254
Clustered-Medium,After,1,40.738594704684324,0,19351292
Clustered-Medium,Before,1,62.06930232558139,0,12710370
Clustered-Medium,Before,2,64.49146537842189,0,12237426
Clustered-Medium,After,2,40.28580060422961,0,19568058
Clustered-Medium,SIMD,2,249.03540372670807,0,3172666
Clustered-Medium,SpanCollector,2,34.0375,0,23174256
Clustered-Medium,ListCount,2,39.44413793103448,0,20001590
Clustered-Medium,Contained,2,42.427147401908805,0,18582758
Clustered-Medium,InternalContained,2,49.182800982800984,0,16040684
Clustered-Medium,RootContained,2,62.27916018662519,0,12670958
Clustered-Medium,SpanTraversal,2,60.94581430745814,0,12946842
Clustered-Medium,ContainedSpan,2,40.6895325203252,0,19390704
Clustered-Medium,MatchedContained,2,42.30190274841438,0,18641876
Clustered-Medium,MatchedContainedSpan,2,40.949129989764586,0,19252762
Clustered-Medium,InternalContainedSpan,2,46.97265258215962,0,16789512
Clustered-Medium,MatchedContainedPoint,2,42.63588924387646,0,18503934
Clustered-Medium,MatchedContainedSpanPoint,2,40.953428863868986,0,19252762
Clustered-Medium,Capacity8,2,72.38408679927667,0,10897418
Clustered-Medium,Capacity32,2,62.70062597809076,0,12592134
Clustered-Medium,Capacity64,2,60.843009118541026,0,12966548
Clustered-Medium,Capacity64,3,60.71896813353566,0,12986254
Clustered-Medium,Capacity32,3,62.803767660910516,0,12552722
Clustered-Medium,Capacity8,3,73.40183486238531,0,10739770
Clustered-Medium,MatchedContainedSpanPoint,3,40.71149542217701,0,19370998
Clustered-Medium,MatchedContainedPoint,3,42.13884210526316,0,18720700
Clustered-Medium,InternalContainedSpan,3,46.664219114219115,0,16907748
Clustered-Medium,MatchedContainedSpan,3,40.50546558704453,0,19469528
Clustered-Medium,MatchedContained,3,42.851713062098504,0,18405404
Clustered-Medium,ContainedSpan,3,40.80203873598369,0,19331586
Clustered-Medium,SpanTraversal,3,61.100305343511444,0,12907430
Clustered-Medium,RootContained,3,62.39158878504673,0,12651252
Clustered-Medium,InternalContained,3,49.18624078624079,0,16040684
Clustered-Medium,Contained,3,42.17102212855638,0,18700994
Clustered-Medium,ListCount,3,39.292829076620826,0,20060708
Clustered-Medium,SpanCollector,3,34.0721465076661,0,23134844
Clustered-Medium,SIMD,3,249.1049689440994,0,3172666
Clustered-Medium,After,3,40.35060483870968,0,19548352
Clustered-Medium,Before,3,62.06124031007752,0,12710370
Clustered-Medium,Before,4,61.96331269349846,0,12730076
Clustered-Medium,After,4,40.240402010050246,0,19607470
Clustered-Medium,SIMD,4,252.12264150943398,0,3133254
Clustered-Medium,SpanCollector,4,34.215384615384615,0,23056020
Clustered-Medium,ListCount,4,39.37834645669292,0,20021296
Clustered-Medium,Contained,4,42.30380549682875,0,18641876
Clustered-Medium,InternalContained,4,49.1985257985258,0,16040684
Clustered-Medium,RootContained,4,62.61173708920188,0,12592134
Clustered-Medium,SpanTraversal,4,67.93616298811546,0,11606834
Clustered-Medium,ContainedSpan,4,41.746298227320125,0,18898054
Clustered-Medium,MatchedContained,4,42.52189160467587,0,18543346
Clustered-Medium,MatchedContainedSpan,4,40.6351269035533,0,19410410
Clustered-Medium,InternalContainedSpan,4,46.69381563593932,0,16888042
Clustered-Medium,MatchedContainedPoint,4,42.18050579557429,0,18700994
Clustered-Medium,MatchedContainedSpanPoint,4,41.08501026694046,0,19193644
Clustered-Medium,Capacity8,4,72.71615245009075,0,10858006
Clustered-Medium,Capacity32,4,63.21753554502369,0,12473898
Clustered-Medium,Capacity64,4,61.33108728943338,0,12868018
Clustered-Medium,Capacity64,5,61.17155963302752,0,12887724
Clustered-Medium,Capacity32,5,63.233017377567144,0,12473898
Clustered-Medium,Capacity8,5,72.44701627486437,0,10897418
Clustered-Medium,MatchedContainedSpanPoint,5,40.85622448979592,0,19311880
Clustered-Medium,MatchedContainedPoint,5,41.969601677148844,0,18799524
Clustered-Medium,InternalContainedSpan,5,46.93411488862837,0,16809218
Clustered-Medium,MatchedContainedSpan,5,40.556940222897666,0,19449822
Clustered-Medium,MatchedContained,5,42.288372093023256,0,18641876
Clustered-Medium,ContainedSpan,5,40.87773237997958,0,19292174
Clustered-Medium,SpanTraversal,5,62.47004680187208,0,12631546
Clustered-Medium,RootContained,5,63.305221518987345,0,12454192
Clustered-Medium,InternalContained,5,49.10711656441718,0,16060390
Clustered-Medium,Contained,5,42.751068376068375,0,18444816
Clustered-Medium,ListCount,5,39.70476190476191,0,19863648
Clustered-Medium,SpanCollector,5,34.19641025641026,0,23056020
Clustered-Medium,SIMD,5,248.6776397515528,0,3172666
Clustered-Medium,After,5,40.26569416498994,0,19587764
Clustered-Medium,Before,5,62.21244167962675,0,12670958
Clustered-Medium,Before,6,62.17437888198758,0,12690664
Clustered-Medium,After,6,40.2939577039275,0,19568058
Clustered-Medium,SIMD,6,249.3527950310559,0,3172666
Clustered-Medium,SpanCollector,6,34.6657712305026,0,22740724
Clustered-Medium,ListCount,6,39.69593253968254,0,19863648
Clustered-Medium,Contained,6,42.26219640971489,0,18661582
Clustered-Medium,InternalContained,6,49.00526315789474,0,16099802
Clustered-Medium,RootContained,6,63.21579778830964,0,12473898
Clustered-Medium,SpanTraversal,6,60.83206686930091,0,12966548
Clustered-Medium,ContainedSpan,6,40.80530071355759,0,19331586
Clustered-Medium,MatchedContained,6,42.2623020063358,0,18661582
Clustered-Medium,MatchedContainedSpan,6,40.601926977687626,0,19430116
Clustered-Medium,InternalContainedSpan,6,46.67389277389277,0,16907748
Clustered-Medium,MatchedContainedPoint,6,42.119894736842106,0,18720700
Clustered-Medium,MatchedContainedSpanPoint,6,40.72156663275687,0,19370998
Clustered-Medium,Capacity8,6,72.55471014492753,0,10877712
Clustered-Medium,Capacity32,6,63.56968253968254,0,12414780
Clustered-Medium,Capacity64,6,61.37116564417178,0,12848312
Clustered-Medium,Capacity64,7,61.05213414634146,0,12927136
Clustered-Medium,Capacity32,7,62.915880503144656,0,12533016
Clustered-Medium,Capacity8,7,72.44141048824594,0,10897418
Clustered-Medium,MatchedContainedSpanPoint,7,40.8215306122449,0,19311880
Clustered-Medium,MatchedContainedPoint,7,42.52061636556854,0,18543346
Clustered-Medium,InternalContainedSpan,7,46.55802325581396,0,16947160
Clustered-Medium,MatchedContainedSpan,7,40.61522842639594,0,19410410
Clustered-Medium,MatchedContained,7,42.197046413502115,0,18681288
Clustered-Medium,ContainedSpan,7,40.93507157464213,0,19272468
Clustered-Medium,SpanTraversal,7,60.663636363636364,0,13005960
Clustered-Medium,RootContained,7,62.5321875,0,12611840
Clustered-Medium,InternalContained,7,49.31317733990148,0,16001272
Clustered-Medium,Contained,7,42.284038054968285,0,18641876
Clustered-Medium,ListCount,7,39.32161100196464,0,20060708
Clustered-Medium,SpanCollector,7,34.31140651801029,0,22977196
Clustered-Medium,SIMD,7,249.8416149068323,0,3172666
Clustered-Medium,After,7,40.26458752515091,0,19587764
Clustered-Medium,Before,7,62.14798136645963,0,12690664
Clustered-Medium,Before,8,61.878361669242665,0,12749782
Clustered-Medium,After,8,40.235175879396984,0,19607470
Clustered-Medium,SIMD,8,248.54844720496897,0,3172666
Clustered-Medium,SpanCollector,8,34.24922945205479,0,23016608
Clustered-Medium,ListCount,8,39.385728346456695,0,20021296
Clustered-Medium,Contained,8,42.930579399141635,0,18365992
Clustered-Medium,InternalContained,8,49.756592039801,0,15843624
Clustered-Medium,RootContained,8,62.40670826833073,0,12631546
Clustered-Medium,SpanTraversal,8,61.969040247678016,0,12730076
Clustered-Medium,ContainedSpan,8,41.210401647785794,0,19134526
Clustered-Medium,MatchedContained,8,42.89163987138264,0,18385698
Clustered-Medium,MatchedContainedSpan,8,40.883963227783454,0,19292174
Clustered-Medium,InternalContainedSpan,8,46.77219626168224,0,16868336
Clustered-Medium,MatchedContainedPoint,8,45.63671607753706,0,17282162
Clustered-Medium,MatchedContainedSpanPoint,8,40.88151174668029,0,19292174
Clustered-Medium,Capacity8,8,72.81054545454546,0,10838300
Clustered-Medium,Capacity32,8,62.9253144654088,0,12533016
Clustered-Medium,Capacity64,8,61.56415384615384,0,12808900
Clustered-Broad,Before,0,529.3684210526316,0,13826756
Clustered-Broad,After,0,311.5596899224806,0,23469099
Clustered-Broad,SIMD,0,688.6694915254237,0,10733929
Clustered-Broad,SpanCollector,0,241.28975903614457,0,30200546
Clustered-Broad,ListCount,0,309.4207692307692,0,23651030
Clustered-Broad,Contained,0,317.68333333333334,0,22923306
Clustered-Broad,InternalContained,0,329.29344262295086,0,22195582
Clustered-Broad,RootContained,0,522.0766233766234,0,14008687
Clustered-Broad,SpanTraversal,0,516.6025641025641,0,14190618
Clustered-Broad,ContainedSpan,0,313.0875,0,23287168
Clustered-Broad,MatchedContained,0,322.2872,0,22741375
Clustered-Broad,MatchedContainedSpan,0,316.16614173228345,0,23105237
Clustered-Broad,InternalContainedSpan,0,322.65645161290325,0,22559444
Clustered-Broad,MatchedContainedPoint,0,314.39921875,0,23287168
Clustered-Broad,MatchedContainedSpanPoint,0,312.92109375,0,23287168
Clustered-Broad,Capacity8,0,631.3984375,0,11643584
Clustered-Broad,Capacity32,0,528.0723684210526,0,13826756
Clustered-Broad,Capacity64,0,490.20000000000005,0,14918342
Clustered-Broad,Capacity64,1,487.869512195122,0,14918342
Clustered-Broad,Capacity32,1,488.9414634146341,0,14918342
Clustered-Broad,Capacity8,1,624.3246153846154,0,11825515
Clustered-Broad,MatchedContainedSpanPoint,1,312.540625,0,23287168
Clustered-Broad,MatchedContainedPoint,1,312.27131782945736,0,23469099
Clustered-Broad,InternalContainedSpan,1,328.79262295081963,0,22195582
Clustered-Broad,MatchedContainedSpan,1,324.1741935483871,0,22559444
Clustered-Broad,MatchedContained,1,321.6768,0,22741375
Clustered-Broad,ContainedSpan,1,312.0813953488372,0,23469099
Clustered-Broad,SpanTraversal,1,529.7368421052631,0,13826756
Clustered-Broad,RootContained,1,524.5532467532468,0,14008687
Clustered-Broad,InternalContained,1,329.12377049180327,0,22195582
Clustered-Broad,Contained,1,317.4188976377952,0,23105237
Clustered-Broad,ListCount,1,309.0223076923077,0,23651030
Clustered-Broad,SpanCollector,1,241.56084337349398,0,30200546
Clustered-Broad,SIMD,1,689.9288135593221,0,10733929
Clustered-Broad,After,1,322.76532258064515,0,22559444
Clustered-Broad,Before,1,532.2197368421052,0,13826756
Clustered-Broad,Before,2,549.0986301369862,0,13280963
Clustered-Broad,After,2,320.352,0,22741375
Clustered-Broad,SIMD,2,704.2649122807018,0,10370067
Clustered-Broad,SpanCollector,2,253.3006329113924,0,28745098
Clustered-Broad,ListCount,2,317.251968503937,0,23105237
Clustered-Broad,Contained,2,324.7427419354839,0,22559444
Clustered-Broad,InternalContained,2,331.27272727272725,0,22013651
Clustered-Broad,RootContained,2,523.987012987013,0,14008687
Clustered-Broad,SpanTraversal,2,516.9192307692307,0,14190618
Clustered-Broad,ContainedSpan,2,313.2171875,0,23287168
Clustered-Broad,MatchedContained,2,318.997619047619,0,22923306
Clustered-Broad,MatchedContainedSpan,2,314.615625,0,23287168
Clustered-Broad,InternalContainedSpan,2,328.7950819672131,0,22195582
Clustered-Broad,MatchedContainedPoint,2,311.41782945736435,0,23469099
Clustered-Broad,MatchedContainedSpanPoint,2,320.4208,0,22741375
Clustered-Broad,Capacity8,2,620.8123076923077,0,11825515
Clustered-Broad,Capacity32,2,520.8831168831168,0,14008687
Clustered-Broad,Capacity64,2,498.65061728395057,0,14736411
Clustered-Broad,Capacity64,3,497.1111111111111,0,14736411
Clustered-Broad,Capacity32,3,499.14074074074074,0,14736411
Clustered-Broad,Capacity8,3,670.2516666666667,0,10915860
Clustered-Broad,MatchedContainedSpanPoint,3,319.8460317460317,0,22923306
Clustered-Broad,MatchedContainedPoint,3,325.7764227642276,0,22377513
Clustered-Broad,InternalContainedSpan,3,325.8780487804878,0,22377513
Clustered-Broad,MatchedContainedSpan,3,320.9776,0,22741375
Clustered-Broad,MatchedContained,3,337.11344537815125,0,21649789
Clustered-Broad,ContainedSpan,3,319.21507936507936,0,22923306
Clustered-Broad,SpanTraversal,3,527.0381578947369,0,13826756
Clustered-Broad,RootContained,3,533.3866666666667,0,13644825
Clustered-Broad,InternalContained,3,332.003305785124,0,22013651
Clustered-Broad,Contained,3,321.884,0,22741375
Clustered-Broad,ListCount,3,378.2084905660377,0,19284686
Clustered-Broad,SpanCollector,3,242.83818181818182,0,30018615
Clustered-Broad,SIMD,3,699.9258620689654,0,10551998
Clustered-Broad,After,3,336.46806722689075,0,21649789
Clustered-Broad,Before,3,543.168918918919,0,13462894
Clustered-Broad,Before,4,583.0246376811593,0,12553239
Clustered-Broad,After,4,316.87559055118106,0,23105237
Clustered-Broad,SIMD,4,694.9620689655173,0,10551998
Clustered-Broad,SpanCollector,4,276.59452054794525,0,26561926
Clustered-Broad,ListCount,4,375.88037383177567,0,19466617
Clustered-Broad,Contained,4,336.7949579831933,0,21649789
Clustered-Broad,InternalContained,4,362.14954954954953,0,20194341
Clustered-Broad,RootContained,4,560.2611111111112,0,13099032
Clustered-Broad,SpanTraversal,4,627.5609375,0,11643584
Clustered-Broad,ContainedSpan,4,311.20852713178294,0,23469099
Clustered-Broad,MatchedContained,4,316.5188976377953,0,23105237
Clustered-Broad,MatchedContainedSpan,4,315.6314960629921,0,23105237
Clustered-Broad,InternalContainedSpan,4,324.5290322580645,0,22559444
Clustered-Broad,MatchedContainedPoint,4,315.61496062992126,0,23105237
Clustered-Broad,MatchedContainedSpanPoint,4,329.9311475409836,0,22195582
Clustered-Broad,Capacity8,4,616.8892307692308,0,11825515
Clustered-Broad,Capacity32,4,486.5024096385542,0,15100273
Clustered-Broad,Capacity64,4,513.0525641025641,0,14190618
Clustered-Broad,Capacity64,5,495.1271604938272,0,14736411
Clustered-Broad,Capacity32,5,499.63456790123456,0,14736411
Clustered-Broad,Capacity8,5,618.36,0,11825515
Clustered-Broad,MatchedContainedSpanPoint,5,310.4852713178295,0,23469099
Clustered-Broad,MatchedContainedPoint,5,310.20775193798454,0,23469099
Clustered-Broad,InternalContainedSpan,5,338.7310924369748,0,21649789
Clustered-Broad,MatchedContainedSpan,5,318.6325396825397,0,22923306
Clustered-Broad,MatchedContained,5,322.71935483870965,0,22559444
Clustered-Broad,ContainedSpan,5,322.9032258064516,0,22559444
Clustered-Broad,SpanTraversal,5,532.4960526315789,0,13826756
Clustered-Broad,RootContained,5,562.0902777777778,0,13099032
Clustered-Broad,InternalContained,5,337.75210084033614,0,21649789
Clustered-Broad,Contained,5,364.39909090909094,0,20012410
Clustered-Broad,ListCount,5,343.6649572649573,0,21285927
Clustered-Broad,SpanCollector,5,249.58136645962733,0,29290891
Clustered-Broad,SIMD,5,731.8090909090909,0,10006205
Clustered-Broad,After,5,312.2875968992248,0,23469099
Clustered-Broad,Before,5,527.1355263157895,0,13826756
Clustered-Broad,Before,6,528.6934210526315,0,13826756
Clustered-Broad,After,6,314.88828125,0,23287168
Clustered-Broad,SIMD,6,697.2120689655173,0,10551998
Clustered-Broad,SpanCollector,6,241.7253012048193,0,30200546
Clustered-Broad,ListCount,6,309.51692307692304,0,23651030
Clustered-Broad,Contained,6,316.3897637795276,0,23105237
Clustered-Broad,InternalContained,6,328.8204918032787,0,22195582
Clustered-Broad,RootContained,6,533.776,0,13644825
Clustered-Broad,SpanTraversal,6,521.7415584415584,0,14008687
Clustered-Broad,ContainedSpan,6,311.4403100775194,0,23469099
Clustered-Broad,MatchedContained,6,320.2472,0,22741375
Clustered-Broad,MatchedContainedSpan,6,314.88203125,0,23287168
Clustered-Broad,InternalContainedSpan,6,322.80645161290323,0,22559444
Clustered-Broad,MatchedContainedPoint,6,314.37578125,0,23287168
Clustered-Broad,MatchedContainedSpanPoint,6,322.4088,0,22741375
Clustered-Broad,Capacity8,6,616.9646153846153,0,11825515
Clustered-Broad,Capacity32,6,487.94939759036146,0,15100273
Clustered-Broad,Capacity64,6,494.8901234567901,0,14736411
Clustered-Broad,Capacity64,7,490.1646341463415,0,14918342
Clustered-Broad,Capacity32,7,485.8903614457831,0,15100273
Clustered-Broad,Capacity8,7,622.0584615384615,0,11825515
Clustered-Broad,MatchedContainedSpanPoint,7,314.8515625,0,23287168
Clustered-Broad,MatchedContainedPoint,7,313.92734375,0,23287168
Clustered-Broad,InternalContainedSpan,7,324.2991935483871,0,22559444
Clustered-Broad,MatchedContainedSpan,7,315.08188976377954,0,23105237
Clustered-Broad,MatchedContained,7,315.748031496063,0,23105237
Clustered-Broad,ContainedSpan,7,312.84609375,0,23287168
Clustered-Broad,SpanTraversal,7,524.0012987012987,0,14008687
Clustered-Broad,RootContained,7,522.3818181818182,0,14008687
Clustered-Broad,InternalContained,7,330.9702479338843,0,22013651
Clustered-Broad,Contained,7,315.0803149606299,0,23105237
Clustered-Broad,ListCount,7,313.7828125,0,23287168
Clustered-Broad,SpanCollector,7,252.46226415094338,0,28927029
Clustered-Broad,SIMD,7,694.856896551724,0,10551998
Clustered-Broad,After,7,313.3671875,0,23287168
Clustered-Broad,Before,7,578.1957142857142,0,12735170
Clustered-Broad,Before,8,523.2389610389611,0,14008687
Clustered-Broad,After,8,312.3767441860465,0,23469099
Clustered-Broad,SIMD,8,701.859649122807,0,10370067
Clustered-Broad,SpanCollector,8,245.43006134969323,0,29654753
Clustered-Broad,ListCount,8,314.3828125,0,23287168
Clustered-Broad,Contained,8,318.4420634920635,0,22923306
Clustered-Broad,InternalContained,8,354.3150442477876,0,20558203
Clustered-Broad,RootContained,8,548.5465753424658,0,13280963
Clustered-Broad,SpanTraversal,8,518.4012820512821,0,14190618
Clustered-Broad,ContainedSpan,8,310.5232558139535,0,23469099
Clustered-Broad,MatchedContained,8,317.35748031496064,0,23105237
Clustered-Broad,MatchedContainedSpan,8,328.2893442622951,0,22195582
Clustered-Broad,InternalContainedSpan,8,328.0204918032787,0,22195582
Clustered-Broad,MatchedContainedPoint,8,318.0595238095238,0,22923306
Clustered-Broad,MatchedContainedSpanPoint,8,317.1062992125984,0,23105237
Clustered-Broad,Capacity8,8,625.440625,0,11643584
Clustered-Broad,Capacity32,8,506.64375,0,14554480
Clustered-Broad,Capacity64,8,491.0036585365854,0,14918342
Clustered-All,Before,0,1947.4571428571428,0,13440000
Clustered-All,After,0,1188.0764705882352,0,21760000
Clustered-All,SIMD,0,2046.815,0,12800000
Clustered-All,SpanCollector,0,873.7173913043479,0,29440000
Clustered-All,ListCount,0,1107.5567567567566,0,23680000
Clustered-All,Contained,0,1102.5135135135135,0,23680000
Clustered-All,InternalContained,0,1109.789189189189,0,23680000
Clustered-All,RootContained,0,1055.1236842105263,0,24320000
Clustered-All,SpanTraversal,0,1828.859090909091,0,14080000
Clustered-All,ContainedSpan,0,1120.9250000000002,0,23040000
Clustered-All,MatchedContained,0,1109.591891891892,0,23680000
Clustered-All,MatchedContainedSpan,0,1099.7702702702702,0,23680000
Clustered-All,InternalContainedSpan,0,1092.791891891892,0,23680000
Clustered-All,MatchedContainedPoint,0,1178.8529411764705,0,21760000
Clustered-All,MatchedContainedSpanPoint,0,1105.6378378378379,0,23680000
Clustered-All,Capacity8,0,2223.3611111111113,0,11520000
Clustered-All,Capacity32,0,1717.6791666666668,0,15360000
Clustered-All,Capacity64,0,1658.2160000000001,0,16000000
Clustered-All,Capacity64,1,1668.0583333333334,0,15360000
Clustered-All,Capacity32,1,1691.7833333333335,0,15360000
Clustered-All,Capacity8,1,2150.242105263158,0,12160000
Clustered-All,MatchedContainedSpanPoint,1,1100.3081081081082,0,23680000
Clustered-All,MatchedContainedPoint,1,1090.5729729729728,0,23680000
Clustered-All,InternalContainedSpan,1,1076.6078947368421,0,24320000
Clustered-All,MatchedContainedSpan,1,1092.8783783783783,0,23680000
Clustered-All,MatchedContained,1,1117.3944444444444,0,23040000
Clustered-All,ContainedSpan,1,1125.0444444444445,0,23040000
Clustered-All,SpanTraversal,1,1816.3739130434783,0,14720000
Clustered-All,RootContained,1,1042.1948717948717,0,24960000
Clustered-All,InternalContained,1,1126.8416666666667,0,23040000
Clustered-All,Contained,1,1112.0055555555555,0,23040000
Clustered-All,ListCount,1,1108.5756756756757,0,23680000
Clustered-All,SpanCollector,1,900.3222222222222,0,28800000
Clustered-All,SIMD,1,2002.925,0,12800000
Clustered-All,After,1,1105.4027027027028,0,23680000
Clustered-All,Before,1,1832.8545454545456,0,14080000
Clustered-All,Before,2,1838.2,0,14080000
Clustered-All,After,2,1096.9918918918918,0,23680000
Clustered-All,SIMD,2,1985.7333333333333,0,13440000
Clustered-All,SpanCollector,2,860.4808510638297,0,30080000
Clustered-All,ListCount,2,1095.2513513513513,0,23680000
Clustered-All,Contained,2,1100.8162162162162,0,23680000
Clustered-All,InternalContained,2,1132.1027777777776,0,23040000
Clustered-All,RootContained,2,1046.8820512820514,0,24960000
Clustered-All,SpanTraversal,2,1819.640909090909,0,14080000
Clustered-All,ContainedSpan,2,1123.4388888888889,0,23040000
Clustered-All,MatchedContained,2,1128.2944444444445,0,23040000
Clustered-All,MatchedContainedSpan,2,1144.094285714286,0,22400000
Clustered-All,InternalContainedSpan,2,1085.4810810810811,0,23680000
Clustered-All,MatchedContainedPoint,2,1097.2729729729729,0,23680000
Clustered-All,MatchedContainedSpanPoint,2,1106.818918918919,0,23680000
Clustered-All,Capacity8,2,2156.6631578947367,0,12160000
Clustered-All,Capacity32,2,1686.2375,0,15360000
Clustered-All,Capacity64,2,1652.244,0,16000000
Clustered-All,Capacity64,3,1686.7291666666667,0,15360000
Clustered-All,Capacity32,3,1681.3416666666665,0,15360000
Clustered-All,Capacity8,3,2169.1631578947367,0,12160000
Clustered-All,MatchedContainedSpanPoint,3,1107.9,0,23680000
Clustered-All,MatchedContainedPoint,3,1104.954054054054,0,23680000
Clustered-All,InternalContainedSpan,3,1197.9529411764706,0,21760000
Clustered-All,MatchedContainedSpan,3,1095.6972972972974,0,23680000
Clustered-All,MatchedContained,3,1113.3583333333333,0,23040000
Clustered-All,ContainedSpan,3,1126.836111111111,0,23040000
Clustered-All,SpanTraversal,3,1809.4521739130435,0,14720000
Clustered-All,RootContained,3,1098.418918918919,0,23680000
Clustered-All,InternalContained,3,1102.0675675675675,0,23680000
Clustered-All,Contained,3,1107.8972972972972,0,23680000
Clustered-All,ListCount,3,1091.737837837838,0,23680000
Clustered-All,SpanCollector,3,866.5340425531915,0,30080000
Clustered-All,SIMD,3,2011.15,0,12800000
Clustered-All,After,3,1094.7567567567567,0,23680000
Clustered-All,Before,3,1848.65,0,14080000
Clustered-All,Before,4,1838.6636363636362,0,14080000
Clustered-All,After,4,1102.0054054054053,0,23680000
Clustered-All,SIMD,4,2008.14,0,12800000
Clustered-All,SpanCollector,4,861.7127659574468,0,30080000
Clustered-All,ListCount,4,1092.291891891892,0,23680000
Clustered-All,Contained,4,1101.3486486486486,0,23680000
Clustered-All,InternalContained,4,1088.9405405405407,0,23680000
Clustered-All,RootContained,4,1038.0564102564101,0,24960000
Clustered-All,SpanTraversal,4,1818.190909090909,0,14080000
Clustered-All,ContainedSpan,4,1127.0027777777777,0,23040000
Clustered-All,MatchedContained,4,1112.2222222222222,0,23040000
Clustered-All,MatchedContainedSpan,4,1122.275,0,23040000
Clustered-All,InternalContainedSpan,4,1116.1055555555556,0,23040000
Clustered-All,MatchedContainedPoint,4,1091.3783783783783,0,23680000
Clustered-All,MatchedContainedSpanPoint,4,1112.0500000000002,0,23040000
Clustered-All,Capacity8,4,2159.6315789473683,0,12160000
Clustered-All,Capacity32,4,1701.6708333333333,0,15360000
Clustered-All,Capacity64,4,1652.4879999999998,0,16000000
Clustered-All,Capacity64,5,1661.5720000000001,0,16000000
Clustered-All,Capacity32,5,1691.7625,0,15360000
Clustered-All,Capacity8,5,2144.157894736842,0,12160000
Clustered-All,MatchedContainedSpanPoint,5,1103.154054054054,0,23680000
Clustered-All,MatchedContainedPoint,5,1090.972972972973,0,23680000
Clustered-All,InternalContainedSpan,5,1142.4444444444443,0,23040000
Clustered-All,MatchedContainedSpan,5,1093.9972972972973,0,23680000
Clustered-All,MatchedContained,5,1115.6583333333333,0,23040000
Clustered-All,ContainedSpan,5,1123.7555555555555,0,23040000
Clustered-All,SpanTraversal,5,1850.8681818181817,0,14080000
Clustered-All,RootContained,5,1044.2897435897437,0,24960000
Clustered-All,InternalContained,5,1116.3861111111112,0,23040000
Clustered-All,Contained,5,1103.9567567567567,0,23680000
Clustered-All,ListCount,5,1092.4,0,23680000
Clustered-All,SpanCollector,5,857.9574468085107,0,30080000
Clustered-All,SIMD,5,1983.952380952381,0,13440000
Clustered-All,After,5,1093.1351351351352,0,23680000
Clustered-All,Before,5,1856.4954545454545,0,14080000
Clustered-All,Before,6,1837.7818181818182,0,14080000
Clustered-All,After,6,1103.1864864864865,0,23680000
Clustered-All,SIMD,6,2000.8714285714286,0,13440000
Clustered-All,SpanCollector,6,866.6234042553192,0,30080000
Clustered-All,ListCount,6,1098.5675675675675,0,23680000
Clustered-All,Contained,6,1123.3555555555556,0,23040000
Clustered-All,InternalContained,6,1101.4432432432434,0,23680000
Clustered-All,RootContained,6,1050.7846153846153,0,24960000
Clustered-All,SpanTraversal,6,1832.7818181818182,0,14080000
Clustered-All,ContainedSpan,6,1124.6750000000002,0,23040000
Clustered-All,MatchedContained,6,1121.4305555555557,0,23040000
Clustered-All,MatchedContainedSpan,6,1097.2783783783784,0,23680000
Clustered-All,InternalContainedSpan,6,1129.8666666666666,0,23040000
Clustered-All,MatchedContainedPoint,6,1093.818918918919,0,23680000
Clustered-All,MatchedContainedSpanPoint,6,1169.0885714285714,0,22400000
Clustered-All,Capacity8,6,2193.863157894737,0,12160000
Clustered-All,Capacity32,6,1727.7208333333335,0,15360000
Clustered-All,Capacity64,6,1666.7879999999998,0,16000000
Clustered-All,Capacity64,7,1703.3,0,15360000
Clustered-All,Capacity32,7,1684.5291666666665,0,15360000
Clustered-All,Capacity8,7,2187.1631578947367,0,12160000
Clustered-All,MatchedContainedSpanPoint,7,1097.972972972973,0,23680000
Clustered-All,MatchedContainedPoint,7,1091.345945945946,0,23680000
Clustered-All,InternalContainedSpan,7,1115.2694444444444,0,23040000
Clustered-All,MatchedContainedSpan,7,1171.337142857143,0,22400000
Clustered-All,MatchedContained,7,1116.5805555555555,0,23040000
Clustered-All,ContainedSpan,7,1120.8166666666666,0,23040000
Clustered-All,SpanTraversal,7,1818.8045454545454,0,14080000
Clustered-All,RootContained,7,1037.0641025641025,0,24960000
Clustered-All,InternalContained,7,1102.154054054054,0,23680000
Clustered-All,Contained,7,1104.827027027027,0,23680000
Clustered-All,ListCount,7,1090.945945945946,0,23680000
Clustered-All,SpanCollector,7,872.9106382978724,0,30080000
Clustered-All,SIMD,7,1990.9,0,13440000
Clustered-All,After,7,1089.2324324324325,0,23680000
Clustered-All,Before,7,1829,0,14080000
Clustered-All,Before,8,1861.8181818181818,0,14080000
Clustered-All,After,8,1101.881081081081,0,23680000
Clustered-All,SIMD,8,1995.147619047619,0,13440000
Clustered-All,SpanCollector,8,861.936170212766,0,30080000
Clustered-All,ListCount,8,1107.218918918919,0,23680000
Clustered-All,Contained,8,1099.9891891891891,0,23680000
Clustered-All,InternalContained,8,1102.9162162162163,0,23680000
Clustered-All,RootContained,8,1040.8358974358973,0,24960000
Clustered-All,SpanTraversal,8,1815.3478260869565,0,14720000
Clustered-All,ContainedSpan,8,1123.138888888889,0,23040000
Clustered-All,MatchedContained,8,1113.6916666666666,0,23040000
Clustered-All,MatchedContainedSpan,8,1094.781081081081,0,23680000
Clustered-All,InternalContainedSpan,8,1086.6162162162163,0,23680000
Clustered-All,MatchedContainedPoint,8,1101.4216216216216,0,23680000
Clustered-All,MatchedContainedSpanPoint,8,1108.8405405405406,0,23680000
Clustered-All,Capacity8,8,2144.8105263157895,0,12160000
Clustered-All,Capacity32,8,1687.6958333333332,0,15360000
Clustered-All,Capacity64,8,1676.9791666666667,0,15360000
Clustered-Miss,Before,0,0.30230278571320607,0,0
Clustered-Miss,After,0,0.32051025232169617,0,0
Clustered-Miss,SIMD,0,196.62647058823532,0,0
Clustered-Miss,SpanCollector,0,0.35964287640934345,0,0
Clustered-Miss,ListCount,0,0.2417435711479769,0,0
Clustered-Miss,Contained,0,0.35750942924047696,0,0
Clustered-Miss,InternalContained,0,0.3683589649138963,0,0
Clustered-Miss,RootContained,0,0.3691944177804032,0,0
Clustered-Miss,SpanTraversal,0,0.36355885988511594,0,0
Clustered-Miss,ContainedSpan,0,0.356585187562402,0,0
Clustered-Miss,MatchedContained,0,0.36305160739893627,0,0
Clustered-Miss,MatchedContainedSpan,0,0.36393834899780725,0,0
Clustered-Miss,InternalContainedSpan,0,0.3690566037735849,0,0
Clustered-Miss,MatchedContainedPoint,0,0.3748767595733913,0,0
Clustered-Miss,MatchedContainedSpanPoint,0,0.3746520427851563,0,0
Clustered-Miss,Capacity8,0,0.349928702026962,0,0
Clustered-Miss,Capacity32,0,0.3532547932139924,0,0
Clustered-Miss,Capacity64,0,0.3494365335895868,0,0
Clustered-Miss,Capacity64,1,0.3496879043256286,0,0
Clustered-Miss,Capacity32,1,0.35379621439943393,0,0
Clustered-Miss,Capacity8,1,0.3501571322274259,0,0
Clustered-Miss,MatchedContainedSpanPoint,1,0.3721131215405368,0,0
Clustered-Miss,MatchedContainedPoint,1,0.3779860901118839,0,0
Clustered-Miss,InternalContainedSpan,1,0.36858730407379076,0,0
Clustered-Miss,MatchedContainedSpan,1,0.3651694830151818,0,0
Clustered-Miss,MatchedContained,1,0.3619871133554144,0,0
Clustered-Miss,ContainedSpan,1,0.3632970945387501,0,0
Clustered-Miss,SpanTraversal,1,0.3606903578932181,0,0
Clustered-Miss,RootContained,1,0.37008345361015504,0,0
Clustered-Miss,InternalContained,1,0.3683996758090958,0,0
Clustered-Miss,Contained,1,0.3583619276288087,0,0
Clustered-Miss,ListCount,1,0.24320457709869825,0,0
Clustered-Miss,SpanCollector,1,0.36105915909952524,0,0
Clustered-Miss,SIMD,1,197.3399014778325,0,0
Clustered-Miss,After,1,0.31842396452765903,0,0
Clustered-Miss,Before,1,0.30169628311108426,0,0
Clustered-Miss,Before,2,0.30265121135541667,0,0
Clustered-Miss,After,2,0.31773251888508497,0,0
Clustered-Miss,SIMD,2,196.50735294117646,0,0
Clustered-Miss,SpanCollector,2,0.35874065039192127,0,0
Clustered-Miss,ListCount,2,0.2438450612354379,0,0
Clustered-Miss,Contained,2,0.36243374258143435,0,0
Clustered-Miss,InternalContained,2,0.367696210909492,0,0
Clustered-Miss,RootContained,2,0.3701313963172018,0,0
Clustered-Miss,SpanTraversal,2,0.3621712164425732,0,0
Clustered-Miss,ContainedSpan,2,0.3868987396868078,0,0
Clustered-Miss,MatchedContained,2,0.3636901731160896,0,0
Clustered-Miss,MatchedContainedSpan,2,0.3684141691380993,0,0
Clustered-Miss,InternalContainedSpan,2,0.3846005922849121,0,0
Clustered-Miss,MatchedContainedPoint,2,0.37878070491089183,0,0
Clustered-Miss,MatchedContainedSpanPoint,2,0.3719080647860609,0,0
Clustered-Miss,Capacity8,2,0.3604864728465601,0,0
Clustered-Miss,Capacity32,2,0.35268791606048583,0,0
Clustered-Miss,Capacity64,2,0.3788309277569421,0,0
Clustered-Miss,Capacity64,3,0.3709329821860772,0,0
Clustered-Miss,Capacity32,3,0.37694243146715417,0,0
Clustered-Miss,Capacity8,3,0.34982334009655075,0,0
Clustered-Miss,MatchedContainedSpanPoint,3,0.36918263373574034,0,0
Clustered-Miss,MatchedContainedPoint,3,0.37075142044137954,0,0
Clustered-Miss,InternalContainedSpan,3,0.4089028142665835,0,0
Clustered-Miss,MatchedContainedSpan,3,0.36535535197245234,0,0
Clustered-Miss,MatchedContained,3,0.37430940260518036,0,0
Clustered-Miss,ContainedSpan,3,0.41260082932766695,0,0
Clustered-Miss,SpanTraversal,3,0.36144976776968535,0,0
Clustered-Miss,RootContained,3,0.3683648285261723,0,0
Clustered-Miss,InternalContained,3,0.37077045715768786,0,0
Clustered-Miss,Contained,3,0.362308995226579,0,0
Clustered-Miss,ListCount,3,0.24186721489902044,0,0
Clustered-Miss,SpanCollector,3,0.3605408085087205,0,0
Clustered-Miss,SIMD,3,196.64411764705883,0,0
Clustered-Miss,After,3,0.31835220896638994,0,0
Clustered-Miss,Before,3,0.30512842028178466,0,0
Clustered-Miss,Before,4,0.3023652402657777,0,0
Clustered-Miss,After,4,0.31908773273345137,0,0
Clustered-Miss,SIMD,4,195.34341463414634,0,0
Clustered-Miss,SpanCollector,4,0.3610517384554284,0,0
Clustered-Miss,ListCount,4,0.24538734295249312,0,0
Clustered-Miss,Contained,4,0.3598896946358844,0,0
Clustered-Miss,InternalContained,4,0.3692839601912886,0,0
Clustered-Miss,RootContained,4,0.3681703130321132,0,0
Clustered-Miss,SpanTraversal,4,0.3609987004079275,0,0
Clustered-Miss,ContainedSpan,4,0.3568810613563163,0,0
Clustered-Miss,MatchedContained,4,0.3625200518402378,0,0
Clustered-Miss,MatchedContainedSpan,4,0.365182818277263,0,0
Clustered-Miss,InternalContainedSpan,4,0.36855829210087443,0,0
Clustered-Miss,MatchedContainedPoint,4,0.36816571097223116,0,0
Clustered-Miss,MatchedContainedSpanPoint,4,0.3700937260017949,0,0
Clustered-Miss,Capacity8,4,0.3517335983046525,0,0
Clustered-Miss,Capacity32,4,0.35530782828058516,0,0
Clustered-Miss,Capacity64,4,0.3468957323365912,0,0
Clustered-Miss,Capacity64,5,0.35100210600210596,0,0
Clustered-Miss,Capacity32,5,0.3579226171301765,0,0
Clustered-Miss,Capacity8,5,0.34883923743742695,0,0
Clustered-Miss,MatchedContainedSpanPoint,5,0.3688675765400221,0,0
Clustered-Miss,MatchedContainedPoint,5,0.36764981617647063,0,0
Clustered-Miss,InternalContainedSpan,5,0.36961403054859965,0,0
Clustered-Miss,MatchedContainedSpan,5,0.36689261080129143,0,0
Clustered-Miss,MatchedContained,5,0.3630653608415855,0,0
Clustered-Miss,ContainedSpan,5,0.35731602737033924,0,0
Clustered-Miss,SpanTraversal,5,0.3586914999506801,0,0
Clustered-Miss,RootContained,5,0.3694920420850384,0,0
Clustered-Miss,InternalContained,5,0.36947341196900146,0,0
Clustered-Miss,Contained,5,0.35612396613278013,0,0
Clustered-Miss,ListCount,5,0.24631603578972,0,0
Clustered-Miss,SpanCollector,5,0.3592045474954651,0,0
Clustered-Miss,SIMD,5,196.03853658536585,0,0
Clustered-Miss,After,5,0.3179043743641913,0,0
Clustered-Miss,Before,5,0.30527669447221606,0,0
Clustered-Miss,Before,6,0.3022624229234675,0,0
Clustered-Miss,After,6,0.3174745029564665,0,0
Clustered-Miss,SIMD,6,195.15317073170732,0,0
Clustered-Miss,SpanCollector,6,0.3624871997027612,0,0
Clustered-Miss,ListCount,6,0.2425527399295386,0,0
Clustered-Miss,Contained,6,0.3606309222211203,0,0
Clustered-Miss,InternalContained,6,0.3699380547337278,0,0
Clustered-Miss,RootContained,6,0.36884561122022735,0,0
Clustered-Miss,SpanTraversal,6,0.36119283037608924,0,0
Clustered-Miss,ContainedSpan,6,0.3567956185498042,0,0
Clustered-Miss,MatchedContained,6,0.3830316958728335,0,0
Clustered-Miss,MatchedContainedSpan,6,0.3655774555223553,0,0
Clustered-Miss,InternalContainedSpan,6,0.36987128511456735,0,0
Clustered-Miss,MatchedContainedPoint,6,0.3754909507359568,0,0
Clustered-Miss,MatchedContainedSpanPoint,6,0.3961415810010498,0,0
Clustered-Miss,Capacity8,6,0.36115424897973925,0,0
Clustered-Miss,Capacity32,6,0.3546287923116478,0,0
Clustered-Miss,Capacity64,6,0.35308817428301575,0,0
Clustered-Miss,Capacity64,7,0.34820544069640913,0,0
Clustered-Miss,Capacity32,7,0.3519152942004504,0,0
Clustered-Miss,Capacity8,7,0.4002741864467838,0,0
Clustered-Miss,MatchedContainedSpanPoint,7,0.45319843194126574,0,0
Clustered-Miss,MatchedContainedPoint,7,0.49859147907162266,0,0
Clustered-Miss,InternalContainedSpan,7,0.5987889584144188,0,0
Clustered-Miss,MatchedContainedSpan,7,0.5864200788729091,0,0
Clustered-Miss,MatchedContained,7,0.5985843621399177,0,0
Clustered-Miss,ContainedSpan,7,0.5325079542580242,0,0
Clustered-Miss,SpanTraversal,7,0.5794318741489701,0,0
Clustered-Miss,RootContained,7,0.5843710737764791,0,0
Clustered-Miss,InternalContained,7,0.438953756337379,0,0
Clustered-Miss,Contained,7,0.3763211123968653,0,0
Clustered-Miss,ListCount,7,0.2973386413063511,0,0
Clustered-Miss,SpanCollector,7,0.5672982555665863,0,0
Clustered-Miss,SIMD,7,205.48615384615385,0,0
Clustered-Miss,After,7,0.32507009288831457,0,0
Clustered-Miss,Before,7,0.3311713471983044,0,0
Clustered-Miss,Before,8,0.3075030750307503,0,0
Clustered-Miss,After,8,0.3258496529701196,0,0
Clustered-Miss,SIMD,8,197.90295566502465,0,0
Clustered-Miss,SpanCollector,8,0.36099073163247813,0,0
Clustered-Miss,ListCount,8,0.24593742122316978,0,0
Clustered-Miss,Contained,8,0.35683330657103607,0,0
Clustered-Miss,InternalContained,8,0.3684089339166475,0,0
Clustered-Miss,RootContained,8,0.37177232719600717,0,0
Clustered-Miss,SpanTraversal,8,0.3609093041720803,0,0
Clustered-Miss,ContainedSpan,8,0.35493176453885605,0,0
Clustered-Miss,MatchedContained,8,0.3632254256526674,0,0
Clustered-Miss,MatchedContainedSpan,8,0.3681444598860593,0,0
Clustered-Miss,InternalContainedSpan,8,0.3720835697608439,0,0
Clustered-Miss,MatchedContainedPoint,8,0.3772687831286666,0,0
Clustered-Miss,MatchedContainedSpanPoint,8,0.3756503446591912,0,0
Clustered-Miss,Capacity8,8,0.35156975108986077,0,0
Clustered-Miss,Capacity32,8,0.393381391186334,0,0
Clustered-Miss,Capacity64,8,0.3874449104522428,0,0
