Scenario,Variant,Round,Microseconds,AllocatedBytes,Checksum
Uniform-Point,Before,0,5.951748251748251,64,40326
Uniform-Point,After,0,33.00750825082508,64,7272
Uniform-Point,SIMD,0,554.8054794520548,64,438
Uniform-Point,Contained,0,34.306432246998284,0,6996
Uniform-Point,InternalContained,0,5.955247878517196,0,40302
Uniform-Point,RootContained,0,5.972633621976709,0,40188
Uniform-Point,SpanTraversal,0,5.520342257797406,0,43476
Uniform-Point,ContainedSpan,0,5.877666764619454,0,40836
Uniform-Point,MatchedContained,0,6.232486755998753,0,38508
Uniform-Point,MatchedContainedSpan,0,5.759156348977829,0,41676
Uniform-Point,InternalContainedSpan,0,5.917083271705369,0,40566
Uniform-Point,MatchedContainedPoint,0,6.055449591280654,0,39636
Uniform-Point,MatchedContainedSpanPoint,0,6.020270880361173,0,39870
Uniform-Point,Capacity8,0,5.194092443521163,0,46212
Uniform-Point,Capacity32,0,7.21314460872701,0,33276
Uniform-Point,Capacity64,0,10.560955649419219,0,22728
Uniform-Point,Capacity64,1,10.699251136667558,0,22434
Uniform-Point,Capacity32,1,7.210165825522711,0,33288
Uniform-Point,Capacity8,1,5.198635477582846,0,46170
Uniform-Point,MatchedContainedSpanPoint,1,5.997706146926537,0,40020
Uniform-Point,MatchedContainedPoint,1,6.190126895697926,0,38772
Uniform-Point,InternalContainedSpan,1,6.726551202286868,0,35682
Uniform-Point,MatchedContainedSpan,1,5.7102640970735195,0,42030
Uniform-Point,MatchedContained,1,6.633698175787727,0,36180
Uniform-Point,ContainedSpan,1,5.81691144394358,0,41262
Uniform-Point,SpanTraversal,1,5.519842693528357,0,43482
Uniform-Point,RootContained,1,5.982994316482202,0,40116
Uniform-Point,InternalContained,1,6.491156904105144,0,36978
Uniform-Point,Contained,1,6.205476264349985,0,38676
Uniform-Point,SIMD,1,209.85968586387432,11.727748691099476,1146
Uniform-Point,After,1,7.434157219847611,7.005389332837763,32286
Uniform-Point,Before,1,5.9309710896960715,2.353150481838399,40470
Uniform-Point,Before,2,5.945266755832962,0,40374
Uniform-Point,After,2,5.855775142731665,0,40986
Uniform-Point,SIMD,2,195.93853658536585,0,1230
Uniform-Point,Contained,2,5.975339805825243,0,40170
Uniform-Point,InternalContained,2,6.614732142857143,0,36288
Uniform-Point,RootContained,2,6.24796189286272,0,38418
Uniform-Point,SpanTraversal,2,5.554540405442933,0,43212
Uniform-Point,ContainedSpan,2,5.865439882697948,0,40920
Uniform-Point,MatchedContained,2,6.226474708171206,0,38550
Uniform-Point,MatchedContainedSpan,2,5.744529006318208,0,41784
Uniform-Point,InternalContainedSpan,2,5.940932719441557,0,40398
Uniform-Point,MatchedContainedPoint,2,6.051172288609893,0,39666
Uniform-Point,MatchedContainedSpanPoint,2,6.021342564720048,0,39864
Uniform-Point,Capacity8,2,5.224422097427191,0,45942
Uniform-Point,Capacity32,2,7.150169794459338,0,33570
Uniform-Point,Capacity64,2,10.99054945054945,0,21840
Uniform-Point,Capacity64,3,10.562476894639556,0,22722
Uniform-Point,Capacity32,3,7.137830121341899,0,33624
Uniform-Point,Capacity8,3,5.1996620304172625,0,46158
Uniform-Point,MatchedContainedSpanPoint,3,6.031468636911941,0,39792
Uniform-Point,MatchedContainedPoint,3,6.039251207729468,0,39744
Uniform-Point,InternalContainedSpan,3,5.924629739336493,0,40512
Uniform-Point,MatchedContainedSpan,3,5.720777920777921,0,41958
Uniform-Point,MatchedContained,3,6.238125682208015,0,38478
Uniform-Point,ContainedSpan,3,5.957364110201042,0,40290
Uniform-Point,SpanTraversal,3,5.515152350751413,0,43518
Uniform-Point,RootContained,3,5.951926796607648,0,40326
Uniform-Point,InternalContained,3,6.001065106510651,0,39996
Uniform-Point,Contained,3,5.929316733362976,0,40482
Uniform-Point,SIMD,3,196.51225490196077,0,1224
Uniform-Point,After,3,5.8897968197879855,0,40752
Uniform-Point,Before,3,5.92809721398933,0,40488
Uniform-Point,Before,4,5.931598457888493,0,40464
Uniform-Point,After,4,6.141962229387379,0,39078
Uniform-Point,SIMD,4,196.27794117647056,0,1224
Uniform-Point,Contained,4,5.9095139607032054,0,40614
Uniform-Point,InternalContained,4,5.997016491754123,0,40020
Uniform-Point,RootContained,4,5.964186670642612,0,40242
Uniform-Point,SpanTraversal,4,5.515565972700951,0,43518
Uniform-Point,ContainedSpan,4,5.803046568983026,0,41358
Uniform-Point,MatchedContained,4,6.224537109071106,0,38562
Uniform-Point,MatchedContainedSpan,4,5.706533523537804,0,42060
Uniform-Point,InternalContainedSpan,4,5.940495990495991,0,40404
Uniform-Point,MatchedContainedPoint,4,6.023249510615871,0,39846
Uniform-Point,MatchedContainedSpanPoint,4,6.06229731777542,0,39594
Uniform-Point,Capacity8,4,5.210629152012505,0,46062
Uniform-Point,Capacity32,4,7.220577617328519,0,33240
Uniform-Point,Capacity64,4,10.569458388375166,0,22710
Uniform-Point,Capacity64,5,10.486212319790301,0,22890
Uniform-Point,Capacity32,5,7.138900785153462,0,33624
Uniform-Point,Capacity8,5,5.212913734688559,0,46044
Uniform-Point,MatchedContainedSpanPoint,5,6.068856189320389,0,39552
Uniform-Point,MatchedContainedPoint,5,6.059687926071807,0,39606
Uniform-Point,InternalContainedSpan,5,5.931212930011863,0,40464
Uniform-Point,MatchedContainedSpan,5,5.752588438308887,0,41724
Uniform-Point,MatchedContained,5,6.261198935670684,0,38334
Uniform-Point,ContainedSpan,5,5.853204565408253,0,41004
Uniform-Point,SpanTraversal,5,5.5495283018867925,0,43248
Uniform-Point,RootContained,5,5.976602420439265,0,40158
Uniform-Point,InternalContained,5,6.094788968459546,0,39378
Uniform-Point,Contained,5,5.927648540524522,0,40494
Uniform-Point,SIMD,5,196.01121951219514,0,1230
Uniform-Point,After,5,5.878912564290962,0,40830
Uniform-Point,Before,5,5.904487084870849,0,40650
Uniform-Point,Before,6,5.950684320142814,0,40332
Uniform-Point,After,6,5.885420038252169,0,40782
Uniform-Point,SIMD,6,196.27450980392157,0,1224
Uniform-Point,Contained,6,5.899292139802389,0,40686
Uniform-Point,InternalContained,6,5.959019812304484,0,40278
Uniform-Point,RootContained,6,5.945719381688466,0,40368
Uniform-Point,SpanTraversal,6,5.535395046353951,0,43362
Uniform-Point,ContainedSpan,6,5.819042769857433,0,41244
Uniform-Point,MatchedContained,6,6.194394549396098,0,38748
Uniform-Point,MatchedContainedSpan,6,6.092537313432835,0,39396
Uniform-Point,InternalContainedSpan,6,5.92674074074074,0,40500
Uniform-Point,MatchedContainedPoint,6,6.031870948288859,0,39798
Uniform-Point,MatchedContainedSpanPoint,6,6.0745634016704635,0,39510
Uniform-Point,Capacity8,6,5.214350886339937,0,46032
Uniform-Point,Capacity32,6,7.122720797720797,0,33696
Uniform-Point,Capacity64,6,10.586557290288436,0,22674
Uniform-Point,Capacity64,7,10.570647291941876,0,22710
Uniform-Point,Capacity32,7,7.128528153955809,0,33672
Uniform-Point,Capacity8,7,5.23651001439979,0,45834
Uniform-Point,MatchedContainedSpanPoint,7,6.302489365054357,0,38082
Uniform-Point,MatchedContainedPoint,7,6.006501501501502,0,39960
Uniform-Point,InternalContainedSpan,7,6.102501906941266,0,39330
Uniform-Point,MatchedContainedSpan,7,5.682272727272727,0,42240
Uniform-Point,MatchedContained,7,6.495405098230232,0,36954
Uniform-Point,ContainedSpan,7,5.912311557788945,0,40596
Uniform-Point,SpanTraversal,7,5.50499518370717,0,43602
Uniform-Point,RootContained,7,5.9625130421821435,0,40254
Uniform-Point,InternalContained,7,5.968949567293346,0,40212
Uniform-Point,Contained,7,5.955396754503499,0,40302
Uniform-Point,SIMD,7,196.1921568627451,0,1224
Uniform-Point,After,7,5.868446530731993,0,40902
Uniform-Point,Before,7,5.948594795539034,0,40350
Uniform-Point,Before,8,5.974906646751307,0,40170
Uniform-Point,After,8,5.845075978959672,0,41064
Uniform-Point,SIMD,8,195.88634146341462,0,1230
Uniform-Point,Contained,8,5.930091906314853,0,40476
Uniform-Point,InternalContained,8,5.97232009555091,0,40188
Uniform-Point,RootContained,8,5.96964632144456,0,40206
Uniform-Point,SpanTraversal,8,5.49859793814433,0,43650
Uniform-Point,ContainedSpan,8,5.923293351103213,0,40518
Uniform-Point,MatchedContained,8,6.982789317507419,0,34374
Uniform-Point,MatchedContainedSpan,8,6.094819442328204,0,39378
Uniform-Point,InternalContainedSpan,8,6.1064570294611515,0,39306
Uniform-Point,MatchedContainedPoint,8,6.133394664213432,0,39132
Uniform-Point,MatchedContainedSpanPoint,8,6.170996605985807,0,38892
Uniform-Point,Capacity8,8,5.373284083277367,0,44670
Uniform-Point,Capacity32,8,7.485872005988024,0,32064
Uniform-Point,Capacity64,8,10.642564511838255,0,22554
Uniform-Small,Before,0,9.21885227010832,0,1514311
Uniform-Small,After,0,9.197218390804599,0,1518150
Uniform-Small,SIMD,0,203.18527918781726,0,68753
Uniform-Small,Contained,0,9.569928229665072,0,1458820
Uniform-Small,InternalContained,0,9.345736977341742,0,1494069
Uniform-Small,RootContained,0,9.363210858881349,0,1491277
Uniform-Small,SpanTraversal,0,9.234949215143121,0,1511868
Uniform-Small,ContainedSpan,0,9.275817296545327,0,1505237
Uniform-Small,MatchedContained,0,10.087947554210793,0,1384134
Uniform-Small,MatchedContainedSpan,0,9.037708992318121,0,1544674
Uniform-Small,InternalContainedSpan,0,9.426649387370405,0,1481156
Uniform-Small,MatchedContainedPoint,0,10.019208615076383,0,1393557
Uniform-Small,MatchedContainedSpanPoint,0,9.433199717047865,0,1480109
Uniform-Small,Capacity8,0,8.95986562150056,0,1558285
Uniform-Small,Capacity32,0,11.40849729113202,0,1223943
Uniform-Small,Capacity64,0,14.459739790386699,0,965683
Uniform-Small,Capacity64,1,14.404537270435723,0,969173
Uniform-Small,Capacity32,1,11.268112676056338,0,1238950
Uniform-Small,Capacity8,1,8.924721106648818,0,1564218
Uniform-Small,MatchedContainedSpanPoint,1,9.395091592296854,0,1486042
Uniform-Small,MatchedContainedPoint,1,10.006103051525763,0,1395302
Uniform-Small,InternalContainedSpan,1,9.373430178069354,0,1489532
Uniform-Small,MatchedContainedSpan,1,8.987957762300606,0,1553399
Uniform-Small,MatchedContained,1,10.0691165366222,0,1386577
Uniform-Small,ContainedSpan,1,9.288022284122563,0,1503492
Uniform-Small,SpanTraversal,1,9.222337482710927,0,1513962
Uniform-Small,RootContained,1,9.37768401312705,0,1488834
Uniform-Small,InternalContained,1,9.309797533162671,0,1499653
Uniform-Small,Contained,1,9.593932853717027,0,1455330
Uniform-Small,SIMD,1,203.84670050761423,0,68753
Uniform-Small,After,1,9.127264430755192,0,1529667
Uniform-Small,Before,1,9.155377574370709,0,1525130
Uniform-Small,Before,2,9.190098782448885,0,1519197
Uniform-Small,After,2,9.1084927140255,0,1532808
Uniform-Small,SIMD,2,202.89444444444445,0,69102
Uniform-Small,Contained,2,9.62439259081068,0,1450793
Uniform-Small,InternalContained,2,9.315766185374942,0,1498606
Uniform-Small,RootContained,2,9.369601873536299,0,1490230
Uniform-Small,SpanTraversal,2,9.210453603499884,0,1515707
Uniform-Small,ContainedSpan,2,9.317442943642291,0,1498606
Uniform-Small,MatchedContained,2,10.229225262081309,0,1364939
Uniform-Small,MatchedContainedSpan,2,8.9653518601524,0,1557238
Uniform-Small,InternalContainedSpan,2,9.403173483779971,0,1484646
Uniform-Small,MatchedContainedPoint,2,9.979546021451734,0,1399141
Uniform-Small,MatchedContainedSpanPoint,2,9.447945205479451,0,1477666
Uniform-Small,Capacity8,2,8.865336879432624,0,1574688
Uniform-Small,Capacity32,2,11.376877133105802,0,1227084
Uniform-Small,Capacity64,2,14.688325991189428,0,950676
Uniform-Small,Capacity64,3,14.889616672869371,0,937763
Uniform-Small,Capacity32,3,11.457760595647194,0,1218708
Uniform-Small,Capacity8,3,9.004636506864731,0,1550607
Uniform-Small,MatchedContainedSpanPoint,3,9.417937853107345,0,1482552
Uniform-Small,MatchedContainedPoint,3,9.984327427002745,0,1398443
Uniform-Small,InternalContainedSpan,3,9.441774840689167,0,1478713
Uniform-Small,MatchedContainedSpan,3,9.088005452067243,0,1536298
Uniform-Small,MatchedContained,3,10.034211186355657,0,1391463
Uniform-Small,ContainedSpan,3,9.302115787026274,0,1501049
Uniform-Small,SpanTraversal,3,9.217119815668203,0,1514660
Uniform-Small,RootContained,3,9.338048552754435,0,1495116
Uniform-Small,InternalContained,3,9.347523364485982,0,1493720
Uniform-Small,Contained,3,9.493474133839582,0,1470686
Uniform-Small,SIMD,3,203.294923857868,0,68753
Uniform-Small,After,3,9.083673932788374,0,1536996
Uniform-Small,Before,3,9.211466728068157,0,1515707
Uniform-Small,Before,4,9.149977127172917,0,1525828
Uniform-Small,After,4,9.170976616231087,0,1522338
Uniform-Small,SIMD,4,204.01472081218276,0,68753
Uniform-Small,Contained,4,9.683079157588962,0,1441719
Uniform-Small,InternalContained,4,9.382621951219512,0,1488136
Uniform-Small,RootContained,4,9.534961868446139,0,1464404
Uniform-Small,SpanTraversal,4,9.375931567846262,0,1489183
Uniform-Small,ContainedSpan,4,9.246625057790107,0,1509774
Uniform-Small,MatchedContained,4,10.112209302325581,0,1380644
Uniform-Small,MatchedContainedSpan,4,9.050361990950226,0,1542580
Uniform-Small,InternalContainedSpan,4,9.572361809045226,0,1458471
Uniform-Small,MatchedContainedPoint,4,10.046835760924159,0,1389718
Uniform-Small,MatchedContainedSpanPoint,4,9.41364705882353,0,1483250
Uniform-Small,Capacity8,4,8.918167632634864,0,1565614
Uniform-Small,Capacity32,4,11.64173457508731,0,1199164
Uniform-Small,Capacity64,4,14.57431693989071,0,958005
Uniform-Small,Capacity64,5,14.391906474820145,0,970220
Uniform-Small,Capacity32,5,11.306218202374223,0,1234762
Uniform-Small,Capacity8,5,8.864524706403722,0,1575037
Uniform-Small,MatchedContainedSpanPoint,5,9.368969555035129,0,1490230
Uniform-Small,MatchedContainedPoint,5,10.024079178150838,0,1392859
Uniform-Small,InternalContainedSpan,5,9.34168612797758,0,1494418
Uniform-Small,MatchedContainedSpan,5,9.035531962954597,0,1545023
Uniform-Small,MatchedContained,5,10.039774153074028,0,1390765
Uniform-Small,ContainedSpan,5,9.276901669758812,0,1504888
Uniform-Small,SpanTraversal,5,9.336382730455076,0,1495465
Uniform-Small,RootContained,5,9.40129259694477,0,1484995
Uniform-Small,InternalContained,5,9.301395024412928,0,1501049
Uniform-Small,Contained,5,9.606195965417866,0,1453236
Uniform-Small,SIMD,5,203.1548223350254,0,68753
Uniform-Small,After,5,9.324498834498835,0,1497210
Uniform-Small,Before,5,9.150434583714546,0,1525828
Uniform-Small,Before,6,9.179302432308399,0,1520942
Uniform-Small,After,6,9.09649840836744,0,1534902
Uniform-Small,SIMD,6,202.81767676767677,0,69102
Uniform-Small,Contained,6,9.666199565112347,0,1444511
Uniform-Small,InternalContained,6,9.349357326478149,0,1493371
Uniform-Small,RootContained,6,9.351870032725573,0,1493022
Uniform-Small,SpanTraversal,6,9.320270270270269,0,1497908
Uniform-Small,ContainedSpan,6,9.292822299651567,0,1502445
Uniform-Small,MatchedContained,6,10.109527419762447,0,1380993
Uniform-Small,MatchedContainedSpan,6,9.127652292950033,0,1529667
Uniform-Small,InternalContainedSpan,6,9.368665105386416,0,1490230
Uniform-Small,MatchedContainedPoint,6,10.056686777275013,0,1388322
Uniform-Small,MatchedContainedSpanPoint,6,9.403855195110484,0,1484646
Uniform-Small,Capacity8,6,8.939128491620112,0,1561775
Uniform-Small,Capacity32,6,11.288910835214446,0,1236856
Uniform-Small,Capacity64,6,14.57551912568306,0,958005
Uniform-Small,Capacity64,7,14.452348265895953,0,966032
Uniform-Small,Capacity32,7,11.334447592067988,0,1231970
Uniform-Small,Capacity8,7,8.900133481646273,0,1568755
Uniform-Small,MatchedContainedSpanPoint,7,9.38868810138465,0,1487089
Uniform-Small,MatchedContainedPoint,7,9.955774016923844,0,1402282
Uniform-Small,InternalContainedSpan,7,9.384682148721557,0,1487787
Uniform-Small,MatchedContainedSpan,7,8.973037236428892,0,1555842
Uniform-Small,MatchedContained,7,10.051482412060302,0,1389020
Uniform-Small,ContainedSpan,7,9.271054461181922,0,1505935
Uniform-Small,SpanTraversal,7,9.336662777129522,0,1495465
Uniform-Small,RootContained,7,9.399812030075188,0,1485344
Uniform-Small,InternalContained,7,9.355799812909261,0,1492324
Uniform-Small,Contained,7,9.65323359073359,0,1446256
Uniform-Small,SIMD,7,202.70151515151517,0,69102
Uniform-Small,After,7,9.216516931582586,0,1515009
Uniform-Small,Before,7,9.216658986175116,0,1514660
Uniform-Small,Before,8,9.121226630186959,0,1530714
Uniform-Small,After,8,9.108378870673953,0,1532808
Uniform-Small,SIMD,8,202.9969696969697,0,69102
Uniform-Small,Contained,8,9.562825723165194,0,1459867
Uniform-Small,InternalContained,8,9.301557777261102,0,1501049
Uniform-Small,RootContained,8,9.344896052324223,0,1494069
Uniform-Small,SpanTraversal,8,9.330534173081409,0,1496163
Uniform-Small,ContainedSpan,8,9.460785241248816,0,1475572
Uniform-Small,MatchedContained,8,10.007655741806355,0,1394953
Uniform-Small,MatchedContainedSpan,8,9.030428893905192,0,1546070
Uniform-Small,InternalContainedSpan,8,9.392016905376849,0,1486391
Uniform-Small,MatchedContainedPoint,8,10.001425,0,1396000
Uniform-Small,MatchedContainedSpanPoint,8,9.380933395872422,0,1488136
Uniform-Small,Capacity8,8,8.995592534292783,0,1552003
Uniform-Small,Capacity32,8,11.33328611898017,0,1231970
Uniform-Small,Capacity64,8,14.565708045140154,0,958703
Uniform-Medium,Before,0,125.36187500000001,0,7055360
Uniform-Medium,After,0,123.10707692307693,0,7165600
Uniform-Medium,SIMD,0,334.39500000000004,0,2645760
Uniform-Medium,Contained,0,106.06216931216932,0,8334144
Uniform-Medium,InternalContained,0,118.2637168141593,0,7474272
Uniform-Medium,RootContained,0,119.41791044776119,0,7386080
Uniform-Medium,SpanTraversal,0,108.45880758807589,0,8135712
Uniform-Medium,ContainedSpan,0,94.4054245283019,0,9348352
Uniform-Medium,MatchedContained,0,113.4458923512748,0,7782944
Uniform-Medium,MatchedContainedSpan,0,93.1667441860465,0,9480640
Uniform-Medium,InternalContainedSpan,0,109.32759562841531,0,8069568
Uniform-Medium,MatchedContainedPoint,0,103.42894056847545,0,8532576
Uniform-Medium,MatchedContainedSpanPoint,0,90.26283783783784,0,9789312
Uniform-Medium,Capacity8,0,124.58229813664596,0,7099456
Uniform-Medium,Capacity32,0,128.86816720257235,0,6856928
Uniform-Medium,Capacity64,0,153.24732824427483,0,5776576
Uniform-Medium,Capacity64,1,155.46627906976747,0,5688384
Uniform-Medium,Capacity32,1,127.47324840764331,0,6923072
Uniform-Medium,Capacity8,1,123.87430340557276,0,7121504
Uniform-Medium,MatchedContainedSpanPoint,1,89.63780760626398,0,9855456
Uniform-Medium,MatchedContainedPoint,1,101.62030456852793,0,8686912
Uniform-Medium,InternalContainedSpan,1,110.56243093922652,0,7981376
Uniform-Medium,MatchedContainedSpan,1,92.6025462962963,0,9524736
Uniform-Medium,MatchedContained,1,116.66618075801749,0,7562464
Uniform-Medium,ContainedSpan,1,94.31647058823529,0,9370400
Uniform-Medium,SpanTraversal,1,106.8784,0,8268000
Uniform-Medium,RootContained,1,119.7310447761194,0,7386080
Uniform-Medium,InternalContained,1,117.60381231671555,0,7518368
Uniform-Medium,Contained,1,104.85785340314135,0,8422336
Uniform-Medium,SIMD,1,331.7710743801653,0,2667808
Uniform-Medium,After,1,118.67130177514794,0,7452224
Uniform-Medium,Before,1,122.55810397553516,0,7209696
Uniform-Medium,Before,2,114.47542857142858,0,7716800
Uniform-Medium,After,2,124.6146417445483,0,7077408
Uniform-Medium,SIMD,2,331.2280991735537,0,2667808
Uniform-Medium,Contained,2,107.63440860215054,0,8201856
Uniform-Medium,InternalContained,2,116.62507288629737,0,7562464
Uniform-Medium,RootContained,2,115.02787356321838,0,7672704
Uniform-Medium,SpanTraversal,2,108.99700272479565,0,8091616
Uniform-Medium,ContainedSpan,2,93.32167832167832,0,9458592
Uniform-Medium,MatchedContained,2,110.9584487534626,0,7959328
Uniform-Medium,MatchedContainedSpan,2,92.40854503464203,0,9546784
Uniform-Medium,InternalContainedSpan,2,110.01346153846154,0,8025472
Uniform-Medium,MatchedContainedPoint,2,98.14093137254902,0,8995584
Uniform-Medium,MatchedContainedSpanPoint,2,89.87623318385651,0,9833408
Uniform-Medium,Capacity8,2,123.05705521472392,0,7187648
Uniform-Medium,Capacity32,2,134.2704697986577,0,6570304
Uniform-Medium,Capacity64,2,154.1430769230769,0,5732480
Uniform-Medium,Capacity64,3,154.00500000000002,0,5732480
Uniform-Medium,Capacity32,3,130.8153594771242,0,6746688
Uniform-Medium,Capacity8,3,124.68816199376947,0,7077408
Uniform-Medium,MatchedContainedSpanPoint,3,91.1617312072893,0,9679072
Uniform-Medium,MatchedContainedPoint,3,100.1285,0,8819200
Uniform-Medium,InternalContainedSpan,3,109.48551912568306,0,8069568
Uniform-Medium,MatchedContainedSpan,3,91.4527397260274,0,9657024
Uniform-Medium,MatchedContained,3,113.12824858757062,0,7804992
Uniform-Medium,ContainedSpan,3,98.40466830466829,0,8973536
Uniform-Medium,SpanTraversal,3,107.98733153638815,0,8179808
Uniform-Medium,RootContained,3,113.00875706214688,0,7804992
Uniform-Medium,InternalContained,3,116.45436046511628,0,7584512
Uniform-Medium,Contained,3,103.5470284237726,0,8532576
Uniform-Medium,SIMD,3,337.4075630252101,0,2623712
Uniform-Medium,After,3,123.56296296296297,0,7143552
Uniform-Medium,Before,3,121.6048632218845,0,7253792
Uniform-Medium,Before,4,120.33423423423424,0,7341984
Uniform-Medium,After,4,117.68970588235294,0,7496320
Uniform-Medium,SIMD,4,331.2892561983471,0,2667808
Uniform-Medium,Contained,4,102.11403061224489,0,8642816
Uniform-Medium,InternalContained,4,116.40377906976745,0,7584512
Uniform-Medium,RootContained,4,121.77477203647418,0,7253792
Uniform-Medium,SpanTraversal,4,108.28486486486487,0,8157760
Uniform-Medium,ContainedSpan,4,93.4107226107226,0,9458592
Uniform-Medium,MatchedContained,4,114.87077363896849,0,7694752
Uniform-Medium,MatchedContainedSpan,4,92.45519630484988,0,9546784
Uniform-Medium,InternalContainedSpan,4,110.96897506925208,0,7959328
Uniform-Medium,MatchedContainedPoint,4,99.9648379052369,0,8841248
Uniform-Medium,MatchedContainedSpanPoint,4,93.95704225352112,0,9392448
Uniform-Medium,Capacity8,4,122.3125,0,7231744
Uniform-Medium,Capacity32,4,133.35533333333333,0,6614400
Uniform-Medium,Capacity64,4,159.25674603174602,0,5556096
Uniform-Medium,Capacity64,5,156.03151750972762,0,5666336
Uniform-Medium,Capacity32,5,125.3340625,0,7055360
Uniform-Medium,Capacity8,5,123.99442724458203,0,7121504
Uniform-Medium,MatchedContainedSpanPoint,5,89.61498881431767,0,9855456
Uniform-Medium,MatchedContainedPoint,5,100.69572864321609,0,8775104
Uniform-Medium,InternalContainedSpan,5,109.68410958904109,0,8047520
Uniform-Medium,MatchedContainedSpan,5,90.9981818181818,0,9701120
Uniform-Medium,MatchedContained,5,110.63922651933702,0,7981376
Uniform-Medium,ContainedSpan,5,97.97897310513447,0,9017632
Uniform-Medium,SpanTraversal,5,108.79864130434783,0,8113664
Uniform-Medium,RootContained,5,124.27981366459628,0,7099456
Uniform-Medium,InternalContained,5,118.79020771513353,0,7430176
Uniform-Medium,Contained,5,111.7816155988858,0,7915232
Uniform-Medium,SIMD,5,332.0305785123967,0,2667808
Uniform-Medium,After,5,124.51521739130435,0,7099456
Uniform-Medium,Before,5,121.69635258358662,0,7253792
Uniform-Medium,Before,6,117.58445747800587,0,7518368
Uniform-Medium,After,6,122.91257668711657,0,7187648
Uniform-Medium,SIMD,6,330.28688524590166,0,2689856
Uniform-Medium,Contained,6,111.49275766016713,0,7915232
Uniform-Medium,InternalContained,6,115.93988439306358,0,7628608
Uniform-Medium,RootContained,6,113.11186440677966,0,7804992
Uniform-Medium,SpanTraversal,6,111.23333333333333,0,7937280
Uniform-Medium,ContainedSpan,6,94.09718309859156,0,9392448
Uniform-Medium,MatchedContained,6,116.16057971014493,0,7606560
Uniform-Medium,MatchedContainedSpan,6,92.4445727482679,0,9546784
Uniform-Medium,InternalContainedSpan,6,111.22777777777777,0,7937280
Uniform-Medium,MatchedContainedPoint,6,105.1994750656168,0,8400288
Uniform-Medium,MatchedContainedSpanPoint,6,90.03640449438201,0,9811360
Uniform-Medium,Capacity8,6,121.86960486322188,0,7253792
Uniform-Medium,Capacity32,6,126.13301886792453,0,7011264
Uniform-Medium,Capacity64,6,161.36612903225807,0,5467904
Uniform-Medium,Capacity64,7,159.1674603174603,0,5556096
Uniform-Medium,Capacity32,7,130.03376623376624,0,6790784
Uniform-Medium,Capacity8,7,123.47962962962963,0,7143552
Uniform-Medium,MatchedContainedSpanPoint,7,89.51946308724831,0,9855456
Uniform-Medium,MatchedContainedPoint,7,98.66009852216749,0,8951488
Uniform-Medium,InternalContainedSpan,7,113.25536723163842,0,7804992
Uniform-Medium,MatchedContainedSpan,7,91.7947247706422,0,9612928
Uniform-Medium,MatchedContained,7,114.88624641833812,0,7694752
Uniform-Medium,ContainedSpan,7,94.98009478672985,0,9304256
Uniform-Medium,SpanTraversal,7,109.90164835164835,0,8025472
Uniform-Medium,RootContained,7,119.11666666666666,0,7408128
Uniform-Medium,InternalContained,7,116.12782608695652,0,7606560
Uniform-Medium,Contained,7,99.18019801980199,0,8907392
Uniform-Medium,SIMD,7,330.93553719008264,0,2667808
Uniform-Medium,After,7,123.71080246913581,0,7143552
Uniform-Medium,Before,7,122.50642201834862,0,7209696
Uniform-Medium,Before,8,116.82565597667637,0,7562464
Uniform-Medium,After,8,125.376875,0,7055360
Uniform-Medium,SIMD,8,334.6475,0,2645760
Uniform-Medium,Contained,8,108.18594594594596,0,8157760
Uniform-Medium,InternalContained,8,116.83644314868805,0,7562464
Uniform-Medium,RootContained,8,120.26426426426427,0,7341984
Uniform-Medium,SpanTraversal,8,109.24795640326975,0,8091616
Uniform-Medium,ContainedSpan,8,96.20264423076924,0,9171968
Uniform-Medium,MatchedContained,8,111.325,0,7937280
Uniform-Medium,MatchedContainedSpan,8,94.09201877934272,0,9392448
Uniform-Medium,InternalContainedSpan,8,109.68602739726028,0,8047520
Uniform-Medium,MatchedContainedPoint,8,106.77306666666667,0,8268000
Uniform-Medium,MatchedContainedSpanPoint,8,89.12516703786191,0,9899552
Uniform-Medium,Capacity8,8,122.64373088685015,0,7209696
Uniform-Medium,Capacity32,8,127.44171974522293,0,6923072
Uniform-Medium,Capacity64,8,159.96613545816734,0,5534048
Uniform-Broad,Before,0,550.5109589041097,0,11936084
Uniform-Broad,After,0,559.6013888888889,0,11772576
Uniform-Broad,SIMD,0,731.8272727272728,0,8992940
Uniform-Broad,Contained,0,382.83238095238096,0,17168340
Uniform-Broad,InternalContained,0,450.86741573033703,0,14552212
Uniform-Broad,RootContained,0,548.0438356164383,0,11936084
Uniform-Broad,SpanTraversal,0,544.4472972972973,0,12099592
Uniform-Broad,ContainedSpan,0,365.25454545454545,0,17985880
Uniform-Broad,MatchedContained,0,397.86336633663365,0,16514308
Uniform-Broad,MatchedContainedSpan,0,369.9752293577982,0,17822372
Uniform-Broad,InternalContainedSpan,0,433.2440860215053,0,15206244
Uniform-Broad,MatchedContainedPoint,0,386.70000000000005,0,17004832
Uniform-Broad,MatchedContainedSpanPoint,0,363.1225225225225,0,18149388
Uniform-Broad,Capacity8,0,652.4774193548387,0,10137496
Uniform-Broad,Capacity32,0,573.1528571428571,0,11445560
Uniform-Broad,Capacity64,0,556.7944444444444,0,11772576
Uniform-Broad,Capacity64,1,551.6397260273973,0,11936084
Uniform-Broad,Capacity32,1,573.8657142857143,0,11445560
Uniform-Broad,Capacity8,1,658.0704918032787,0,9973988
Uniform-Broad,MatchedContainedSpanPoint,1,361.45315315315315,0,18149388
Uniform-Broad,MatchedContainedPoint,1,379.8056603773585,0,17331848
Uniform-Broad,InternalContainedSpan,1,422.5926315789474,0,15533260
Uniform-Broad,MatchedContainedSpan,1,425.46315789473687,0,15533260
Uniform-Broad,MatchedContained,1,396.26862745098043,0,16677816
Uniform-Broad,ContainedSpan,1,455.4886363636364,0,14388704
Uniform-Broad,SpanTraversal,1,694.6379310344828,0,9483464
Uniform-Broad,RootContained,1,592.4426470588235,0,11118544
Uniform-Broad,InternalContained,1,485.2831325301205,0,13571164
Uniform-Broad,Contained,1,387.1076923076923,0,17004832
Uniform-Broad,SIMD,1,743.7185185185185,0,8829432
Uniform-Broad,After,1,573.4885714285714,0,11445560
Uniform-Broad,Before,1,552.5575342465753,0,11936084
Uniform-Broad,Before,2,576.3328571428572,0,11445560
Uniform-Broad,After,2,556.0833333333334,0,11772576
Uniform-Broad,SIMD,2,765.3245283018867,0,8665924
Uniform-Broad,Contained,2,383.95904761904757,0,17168340
Uniform-Broad,InternalContained,2,451.3056179775281,0,14552212
Uniform-Broad,RootContained,2,557.7125000000001,0,11772576
Uniform-Broad,SpanTraversal,2,558.7208333333333,0,11772576
Uniform-Broad,ContainedSpan,2,389.7203883495145,0,16841324
Uniform-Broad,MatchedContained,2,401.954,0,16350800
Uniform-Broad,MatchedContainedSpan,2,378.78396226415094,0,17331848
Uniform-Broad,InternalContainedSpan,2,421.2505263157895,0,15533260
Uniform-Broad,MatchedContainedPoint,2,377.1616822429907,0,17495356
Uniform-Broad,MatchedContainedSpanPoint,2,369.92844036697244,0,17822372
Uniform-Broad,Capacity8,2,662.3573770491804,0,9973988
Uniform-Broad,Capacity32,2,590.8838235294118,0,11118544
Uniform-Broad,Capacity64,2,559.8902777777778,0,11772576
Uniform-Broad,Capacity64,3,545.2378378378378,0,12099592
Uniform-Broad,Capacity32,3,576.4071428571428,0,11445560
Uniform-Broad,Capacity8,3,660.5278688524589,0,9973988
Uniform-Broad,MatchedContainedSpanPoint,3,371.6175925925926,0,17658864
Uniform-Broad,MatchedContainedPoint,3,377.8160377358491,0,17331848
Uniform-Broad,InternalContainedSpan,3,426.24787234042554,0,15369752
Uniform-Broad,MatchedContainedSpan,3,382.4038095238095,0,17168340
Uniform-Broad,MatchedContained,3,389.27475728155343,0,16841324
Uniform-Broad,ContainedSpan,3,368.1302752293578,0,17822372
Uniform-Broad,SpanTraversal,3,539.7586666666667,0,12263100
Uniform-Broad,RootContained,3,552.6191780821918,0,11936084
Uniform-Broad,InternalContained,3,448.21777777777777,0,14715720
Uniform-Broad,Contained,3,394.921568627451,0,16677816
Uniform-Broad,SIMD,3,736.2727272727273,0,8992940
Uniform-Broad,After,3,553.9739726027397,0,11936084
Uniform-Broad,Before,3,552.9534246575342,0,11936084
Uniform-Broad,Before,4,556.0625,0,11772576
Uniform-Broad,After,4,554.4479452054794,0,11936084
Uniform-Broad,SIMD,4,734.6090909090909,0,8992940
Uniform-Broad,Contained,4,384.6884615384615,0,17004832
Uniform-Broad,InternalContained,4,446.80555555555554,0,14715720
Uniform-Broad,RootContained,4,552.2534246575342,0,11936084
Uniform-Broad,SpanTraversal,4,542.6648648648649,0,12099592
Uniform-Broad,ContainedSpan,4,364.7336363636363,0,17985880
Uniform-Broad,MatchedContained,4,404.3545454545454,0,16187292
Uniform-Broad,MatchedContainedSpan,4,370.42685185185184,0,17658864
Uniform-Broad,InternalContainedSpan,4,429.9606382978724,0,15369752
Uniform-Broad,MatchedContainedPoint,4,388.8553398058252,0,16841324
Uniform-Broad,MatchedContainedSpanPoint,4,375.92897196261686,0,17495356
Uniform-Broad,Capacity8,4,662.0704918032787,0,9973988
Uniform-Broad,Capacity32,4,576.3714285714286,0,11445560
Uniform-Broad,Capacity64,4,558.8902777777778,0,11772576
Uniform-Broad,Capacity64,5,551.6794520547945,0,11936084
Uniform-Broad,Capacity32,5,583.3376811594203,0,11282052
Uniform-Broad,Capacity8,5,751.4222222222223,0,8829432
Uniform-Broad,MatchedContainedSpanPoint,5,362.5009009009009,0,18149388
Uniform-Broad,MatchedContainedPoint,5,370.7907407407408,0,17658864
Uniform-Broad,InternalContainedSpan,5,427.4542553191489,0,15369752
Uniform-Broad,MatchedContainedSpan,5,369.92660550458714,0,17822372
Uniform-Broad,MatchedContained,5,391.0213592233009,0,16841324
Uniform-Broad,ContainedSpan,5,375.05794392523364,0,17495356
Uniform-Broad,SpanTraversal,5,554.872602739726,0,11936084
Uniform-Broad,RootContained,5,552.7643835616439,0,11936084
Uniform-Broad,InternalContained,5,447.6522222222222,0,14715720
Uniform-Broad,Contained,5,383.5638095238095,0,17168340
Uniform-Broad,SIMD,5,734.1418181818183,0,8992940
Uniform-Broad,After,5,552.9328767123287,0,11936084
Uniform-Broad,Before,5,571.5542857142858,0,11445560
Uniform-Broad,Before,6,546.2810810810811,0,12099592
Uniform-Broad,After,6,554.7684931506849,0,11936084
Uniform-Broad,SIMD,6,734.4563636363636,0,8992940
Uniform-Broad,Contained,6,394.5627450980392,0,16677816
Uniform-Broad,InternalContained,6,461.7459770114943,0,14225196
Uniform-Broad,RootContained,6,549.3835616438356,0,11936084
Uniform-Broad,SpanTraversal,6,542.2445945945946,0,12099592
Uniform-Broad,ContainedSpan,6,368.0697247706422,0,17822372
Uniform-Broad,MatchedContained,6,386.0971153846154,0,17004832
Uniform-Broad,MatchedContainedSpan,6,370.4111111111111,0,17658864
Uniform-Broad,InternalContainedSpan,6,422.57473684210527,0,15533260
Uniform-Broad,MatchedContainedPoint,6,376.84766355140187,0,17495356
Uniform-Broad,MatchedContainedSpanPoint,6,373.8560747663551,0,17495356
Uniform-Broad,Capacity8,6,684.7305084745763,0,9646972
Uniform-Broad,Capacity32,6,575.7257142857143,0,11445560
Uniform-Broad,Capacity64,6,548.3205479452055,0,11936084
Uniform-Broad,Capacity64,7,559.6652777777778,0,11772576
Uniform-Broad,Capacity32,7,575.3771428571429,0,11445560
Uniform-Broad,Capacity8,7,684.4491525423729,0,9646972
Uniform-Broad,MatchedContainedSpanPoint,7,367.88715596330275,0,17822372
Uniform-Broad,MatchedContainedPoint,7,384.7278846153846,0,17004832
Uniform-Broad,InternalContainedSpan,7,422.4263157894737,0,15533260
Uniform-Broad,MatchedContainedSpan,7,370.16605504587153,0,17822372
Uniform-Broad,MatchedContained,7,398.4861386138614,0,16514308
Uniform-Broad,ContainedSpan,7,364.50545454545454,0,17985880
Uniform-Broad,SpanTraversal,7,541.8337837837837,0,12099592
Uniform-Broad,RootContained,7,554.3493150684932,0,11936084
Uniform-Broad,InternalContained,7,449.53033707865166,0,14552212
Uniform-Broad,Contained,7,469.06046511627903,0,14061688
Uniform-Broad,SIMD,7,734.9399999999999,0,8992940
Uniform-Broad,After,7,552.7671232876712,0,11936084
Uniform-Broad,Before,7,551.1643835616438,0,11936084
Uniform-Broad,Before,8,545.2486486486487,0,12099592
Uniform-Broad,After,8,557.2194444444444,0,11772576
Uniform-Broad,SIMD,8,735.2272727272727,0,8992940
Uniform-Broad,Contained,8,386.8740384615385,0,17004832
Uniform-Broad,InternalContained,8,447.4533333333334,0,14715720
Uniform-Broad,RootContained,8,548.2821917808219,0,11936084
Uniform-Broad,SpanTraversal,8,540.168,0,12263100
Uniform-Broad,ContainedSpan,8,367.08256880733944,0,17822372
Uniform-Broad,MatchedContained,8,399.73069306930694,0,16514308
Uniform-Broad,MatchedContainedSpan,8,373.23888888888894,0,17658864
Uniform-Broad,InternalContainedSpan,8,422.6305263157895,0,15533260
Uniform-Broad,MatchedContainedPoint,8,379.57264150943394,0,17331848
Uniform-Broad,MatchedContainedSpanPoint,8,360.7142857142857,0,18312896
Uniform-Broad,Capacity8,8,656.483606557377,0,9973988
Uniform-Broad,Capacity32,8,574.5442857142857,0,11445560
Uniform-Broad,Capacity64,8,556.5805555555556,0,11772576
Uniform-All,Before,0,1875.309090909091,0,14080000
Uniform-All,After,0,1902.390909090909,0,14080000
Uniform-All,SIMD,0,1914.9904761904763,0,13440000
Uniform-All,Contained,0,1137.3166666666666,0,23040000
Uniform-All,InternalContained,0,1140.8472222222222,0,23040000
Uniform-All,RootContained,0,1077.228947368421,0,24320000
Uniform-All,SpanTraversal,0,1818.4782608695652,0,14720000
Uniform-All,ContainedSpan,0,1129.9111111111113,0,23040000
Uniform-All,MatchedContained,0,1137.8916666666667,0,23040000
Uniform-All,MatchedContainedSpan,0,1146.5457142857142,0,22400000
Uniform-All,InternalContainedSpan,0,1162.4685714285715,0,22400000
Uniform-All,MatchedContainedPoint,0,1143.1514285714286,0,22400000
Uniform-All,MatchedContainedSpanPoint,0,1166.4685714285715,0,22400000
Uniform-All,Capacity8,0,2216.4684210526316,0,12160000
Uniform-All,Capacity32,0,1704.6708333333333,0,15360000
Uniform-All,Capacity64,0,1641.344,0,16000000
Uniform-All,Capacity64,1,1643.076,0,16000000
Uniform-All,Capacity32,1,1795.5739130434781,0,14720000
Uniform-All,Capacity8,1,2233.4055555555556,0,11520000
Uniform-All,MatchedContainedSpanPoint,1,1196.9470588235292,0,21760000
Uniform-All,MatchedContainedPoint,1,1151.44,0,22400000
Uniform-All,InternalContainedSpan,1,1160.642857142857,0,22400000
Uniform-All,MatchedContainedSpan,1,1213.8848484848484,0,21120000
Uniform-All,MatchedContained,1,1228.5454545454545,0,21120000
Uniform-All,ContainedSpan,1,1186.644117647059,0,21760000
Uniform-All,SpanTraversal,1,1823.2636363636366,0,14080000
Uniform-All,RootContained,1,1078.7368421052631,0,24320000
Uniform-All,InternalContained,1,1147.502857142857,0,22400000
Uniform-All,Contained,1,1134.975,0,23040000
Uniform-All,SIMD,1,1930.2523809523811,0,13440000
Uniform-All,After,1,1883.8636363636363,0,14080000
Uniform-All,Before,1,1863.559090909091,0,14080000
Uniform-All,Before,2,1860.840909090909,0,14080000
Uniform-All,After,2,1899.0227272727273,0,14080000
Uniform-All,SIMD,2,1984.157142857143,0,13440000
Uniform-All,Contained,2,1132.6805555555557,0,23040000
Uniform-All,InternalContained,2,1146.9571428571428,0,22400000
Uniform-All,RootContained,2,1076.3342105263157,0,24320000
Uniform-All,SpanTraversal,2,1821.8454545454545,0,14080000
Uniform-All,ContainedSpan,2,1134.9416666666666,0,23040000
Uniform-All,MatchedContained,2,1137.9833333333333,0,23040000
Uniform-All,MatchedContainedSpan,2,1135.8666666666666,0,23040000
Uniform-All,InternalContainedSpan,2,1148.9228571428573,0,22400000
Uniform-All,MatchedContainedPoint,2,1143.8142857142857,0,22400000
Uniform-All,MatchedContainedSpanPoint,2,1180.8500000000001,0,21760000
Uniform-All,Capacity8,2,2219.2999999999997,0,12160000
Uniform-All,Capacity32,2,1710.3958333333333,0,15360000
Uniform-All,Capacity64,2,1640.368,0,16000000
Uniform-All,Capacity64,3,1643.624,0,16000000
Uniform-All,Capacity32,3,1697.1499999999999,0,15360000
Uniform-All,Capacity8,3,2254.338888888889,0,11520000
Uniform-All,MatchedContainedSpanPoint,3,1178.2794117647059,0,21760000
Uniform-All,MatchedContainedPoint,3,1147.8057142857142,0,22400000
Uniform-All,InternalContainedSpan,3,1153.2514285714287,0,22400000
Uniform-All,MatchedContainedSpan,3,1141.736111111111,0,23040000
Uniform-All,MatchedContained,3,1131.6750000000002,0,23040000
Uniform-All,ContainedSpan,3,1179.6617647058824,0,21760000
Uniform-All,SpanTraversal,3,1817.7304347826089,0,14720000
Uniform-All,RootContained,3,1082.1783783783783,0,23680000
Uniform-All,InternalContained,3,1147.537142857143,0,22400000
Uniform-All,Contained,3,1137.5305555555556,0,23040000
Uniform-All,SIMD,3,1982.8714285714286,0,13440000
Uniform-All,After,3,1880.559090909091,0,14080000
Uniform-All,Before,3,1870.95,0,14080000
Uniform-All,Before,4,1865.15,0,14080000
Uniform-All,After,4,1882.1363636363637,0,14080000
Uniform-All,SIMD,4,1893.340909090909,0,14080000
Uniform-All,Contained,4,1139.1527777777778,0,23040000
Uniform-All,InternalContained,4,1143.7857142857142,0,22400000
Uniform-All,RootContained,4,1090.7594594594593,0,23680000
Uniform-All,SpanTraversal,4,1825.1545454545455,0,14080000
Uniform-All,ContainedSpan,4,1130.888888888889,0,23040000
Uniform-All,MatchedContained,4,1137.4722222222222,0,23040000
Uniform-All,MatchedContainedSpan,4,1147.2171428571428,0,22400000
Uniform-All,InternalContainedSpan,4,1147.6685714285716,0,22400000
Uniform-All,MatchedContainedPoint,4,1139.2611111111112,0,23040000
Uniform-All,MatchedContainedSpanPoint,4,1167.0171428571427,0,22400000
Uniform-All,Capacity8,4,2218.742105263158,0,12160000
Uniform-All,Capacity32,4,1700.0083333333332,0,15360000
Uniform-All,Capacity64,4,1654.0079999999998,0,16000000
Uniform-All,Capacity64,5,1643.352,0,16000000
Uniform-All,Capacity32,5,1709.7916666666667,0,15360000
Uniform-All,Capacity8,5,2337.1499999999996,0,11520000
Uniform-All,MatchedContainedSpanPoint,5,1170.7571428571428,0,22400000
Uniform-All,MatchedContainedPoint,5,1162.4657142857143,0,22400000
Uniform-All,InternalContainedSpan,5,1155.2085714285715,0,22400000
Uniform-All,MatchedContainedSpan,5,1163.9657142857143,0,22400000
Uniform-All,MatchedContained,5,1143.0485714285714,0,22400000
Uniform-All,ContainedSpan,5,1154.5257142857142,0,22400000
Uniform-All,SpanTraversal,5,1821.5454545454545,0,14080000
Uniform-All,RootContained,5,1088.418918918919,0,23680000
Uniform-All,InternalContained,5,1143.2685714285715,0,22400000
Uniform-All,Contained,5,1141.0277777777778,0,23040000
Uniform-All,SIMD,5,1944.5333333333333,0,13440000
Uniform-All,After,5,1882.9227272727273,0,14080000
Uniform-All,Before,5,1879.7954545454545,0,14080000
Uniform-All,Before,6,1863.6272727272728,0,14080000
Uniform-All,After,6,1887.1772727272728,0,14080000
Uniform-All,SIMD,6,1975.661904761905,0,13440000
Uniform-All,Contained,6,1136.2333333333333,0,23040000
Uniform-All,InternalContained,6,1141.375,0,23040000
Uniform-All,RootContained,6,1086.0351351351353,0,23680000
Uniform-All,SpanTraversal,6,1838.1454545454544,0,14080000
Uniform-All,ContainedSpan,6,1147.2485714285713,0,22400000
Uniform-All,MatchedContained,6,1145.3228571428572,0,22400000
Uniform-All,MatchedContainedSpan,6,1142.638888888889,0,23040000
Uniform-All,InternalContainedSpan,6,1152.557142857143,0,22400000
Uniform-All,MatchedContainedPoint,6,1142.4972222222223,0,23040000
Uniform-All,MatchedContainedSpanPoint,6,1186.370588235294,0,21760000
Uniform-All,Capacity8,6,2302.4333333333334,0,11520000
Uniform-All,Capacity32,6,1710.9333333333334,0,15360000
Uniform-All,Capacity64,6,1644.5839999999998,0,16000000
Uniform-All,Capacity64,7,1652.148,0,16000000
Uniform-All,Capacity32,7,1695.7291666666667,0,15360000
Uniform-All,Capacity8,7,2228.9944444444445,0,11520000
Uniform-All,MatchedContainedSpanPoint,7,1171.262857142857,0,22400000
Uniform-All,MatchedContainedPoint,7,1148.2,0,22400000
Uniform-All,InternalContainedSpan,7,1194.8823529411766,0,21760000
Uniform-All,MatchedContainedSpan,7,1156.462857142857,0,22400000
Uniform-All,MatchedContained,7,1137.711111111111,0,23040000
Uniform-All,ContainedSpan,7,1139.7083333333333,0,23040000
Uniform-All,SpanTraversal,7,1821.3545454545456,0,14080000
Uniform-All,RootContained,7,1090.0756756756757,0,23680000
Uniform-All,InternalContained,7,1143.3714285714286,0,22400000
Uniform-All,Contained,7,1135.1833333333334,0,23040000
Uniform-All,SIMD,7,1976.7333333333333,0,13440000
Uniform-All,After,7,1886.45,0,14080000
Uniform-All,Before,7,1875.5181818181818,0,14080000
Uniform-All,Before,8,1877.5636363636365,0,14080000
Uniform-All,After,8,1895.7227272727273,0,14080000
Uniform-All,SIMD,8,1965.4,0,13440000
Uniform-All,Contained,8,1135.3833333333334,0,23040000
Uniform-All,InternalContained,8,1145.0542857142857,0,22400000
Uniform-All,RootContained,8,1081.081081081081,0,23680000
Uniform-All,SpanTraversal,8,1822.6136363636363,0,14080000
Uniform-All,ContainedSpan,8,1129.9416666666666,0,23040000
Uniform-All,MatchedContained,8,1134.177777777778,0,23040000
Uniform-All,MatchedContainedSpan,8,1142.6416666666667,0,23040000
Uniform-All,InternalContainedSpan,8,1146.1599999999999,0,22400000
Uniform-All,MatchedContainedPoint,8,1150.9742857142858,0,22400000
Uniform-All,MatchedContainedSpanPoint,8,1168.8914285714284,0,22400000
Uniform-All,Capacity8,8,2223.8777777777777,0,11520000
Uniform-All,Capacity32,8,1703.1958333333332,0,15360000
Uniform-All,Capacity64,8,1655.3,0,16000000
Uniform-Miss,Before,0,0.2689878014337014,0,0
Uniform-Miss,After,0,0.2705183782504311,0,0
Uniform-Miss,SIMD,0,203.35583756345176,0,0
Uniform-Miss,Contained,0,0.3639558159848595,0,0
Uniform-Miss,InternalContained,0,0.2444985055103575,0,0
Uniform-Miss,RootContained,0,0.3693307726399764,0,0
Uniform-Miss,SpanTraversal,0,0.36002304147465436,0,0
Uniform-Miss,ContainedSpan,0,0.36263746226303906,0,0
Uniform-Miss,MatchedContained,0,0.3682479769477919,0,0
Uniform-Miss,MatchedContainedSpan,0,0.3643660047367462,0,0
Uniform-Miss,InternalContainedSpan,0,0.36925668814504364,0,0
Uniform-Miss,MatchedContainedPoint,0,0.3704424008371998,0,0
Uniform-Miss,MatchedContainedSpanPoint,0,0.3699860331320008,0,0
Uniform-Miss,Capacity8,0,0.3441511511856007,0,0
Uniform-Miss,Capacity32,0,0.35332344030173746,0,0
Uniform-Miss,Capacity64,0,0.3464253236911618,0,0
Uniform-Miss,Capacity64,1,0.346751389165807,0,0
Uniform-Miss,Capacity32,1,0.353336807794571,0,0
Uniform-Miss,Capacity8,1,0.3480530780944094,0,0
Uniform-Miss,MatchedContainedSpanPoint,1,0.3716228771043145,0,0
Uniform-Miss,MatchedContainedPoint,1,0.3689467518931533,0,0
Uniform-Miss,InternalContainedSpan,1,0.3689909966421903,0,0
Uniform-Miss,MatchedContainedSpan,1,0.36682959933237347,0,0
Uniform-Miss,MatchedContained,1,0.36924305363241944,0,0
Uniform-Miss,ContainedSpan,1,0.35926261900485,0,0
Uniform-Miss,SpanTraversal,1,0.3602013525560788,0,0
Uniform-Miss,RootContained,1,0.3689111668572694,0,0
Uniform-Miss,InternalContained,1,0.23937535158166867,0,0
Uniform-Miss,Contained,1,0.36146283277005653,0,0
Uniform-Miss,SIMD,1,195.53658536585365,0,0
Uniform-Miss,After,1,0.26977992702452974,0,0
Uniform-Miss,Before,1,0.2694310290244576,0,0
Uniform-Miss,Before,2,0.2704598470557212,0,0
Uniform-Miss,After,2,0.2698140316085557,0,0
Uniform-Miss,SIMD,2,195.06456310679613,0,0
Uniform-Miss,Contained,2,0.36019252242192845,0,0
Uniform-Miss,InternalContained,2,0.24645323869552627,0,0
Uniform-Miss,RootContained,2,0.369709041166793,0,0
Uniform-Miss,SpanTraversal,2,0.36035476838255165,0,0
Uniform-Miss,ContainedSpan,2,0.36249796095916476,0,0
Uniform-Miss,MatchedContained,2,0.3687912006859482,0,0
Uniform-Miss,MatchedContainedSpan,2,0.3663726540818289,0,0
Uniform-Miss,InternalContainedSpan,2,0.36975346872371306,0,0
Uniform-Miss,MatchedContainedPoint,2,0.37514935521688164,0,0
Uniform-Miss,MatchedContainedSpanPoint,2,0.3699303609577449,0,0
Uniform-Miss,Capacity8,2,0.34698386537126996,0,0
Uniform-Miss,Capacity32,2,0.3534210991341226,0,0
Uniform-Miss,Capacity64,2,0.3470604057126,0,0
Uniform-Miss,Capacity64,3,0.3461234273056089,0,0
Uniform-Miss,Capacity32,3,0.35462653486413404,0,0
Uniform-Miss,Capacity8,3,0.3514625124109269,0,0
Uniform-Miss,MatchedContainedSpanPoint,3,0.36985668053629217,0,0
Uniform-Miss,MatchedContainedPoint,3,0.3697388732264177,0,0
Uniform-Miss,InternalContainedSpan,3,0.368171567950665,0,0
Uniform-Miss,MatchedContainedSpan,3,0.3637978390570431,0,0
Uniform-Miss,MatchedContained,3,0.36798712051517934,0,0
Uniform-Miss,ContainedSpan,3,0.36241019089813636,0,0
Uniform-Miss,SpanTraversal,3,0.36346124140187,0,0
Uniform-Miss,RootContained,3,0.37142114304285245,0,0
Uniform-Miss,InternalContained,3,0.25591155696591256,0,0
Uniform-Miss,Contained,3,0.37775332892624425,0,0
Uniform-Miss,SIMD,3,211.14526315789473,0,0
Uniform-Miss,After,3,0.26950001010625035,0,0
Uniform-Miss,Before,3,0.2695054574855141,0,0
Uniform-Miss,Before,4,0.26983452397817037,0,0
Uniform-Miss,After,4,0.27170658479262044,0,0
Uniform-Miss,SIMD,4,195.19707317073173,0,0
Uniform-Miss,Contained,4,0.3627280641300011,0,0
Uniform-Miss,InternalContained,4,0.24410994684519197,0,0
Uniform-Miss,RootContained,4,0.3689866703565334,0,0
Uniform-Miss,SpanTraversal,4,0.36152490442233126,0,0
Uniform-Miss,ContainedSpan,4,0.3604637331146537,0,0
Uniform-Miss,MatchedContained,4,0.36882952827057136,0,0
Uniform-Miss,MatchedContainedSpan,4,0.3715867604299237,0,0
Uniform-Miss,InternalContainedSpan,4,0.37274929876713475,0,0
Uniform-Miss,MatchedContainedPoint,4,0.3706133605114426,0,0
Uniform-Miss,MatchedContainedSpanPoint,4,0.3696407119226718,0,0
Uniform-Miss,Capacity8,4,0.3478956660897397,0,0
Uniform-Miss,Capacity32,4,0.3542496568215029,0,0
Uniform-Miss,Capacity64,4,0.3505968867229955,0,0
Uniform-Miss,Capacity64,5,0.351201545282936,0,0
Uniform-Miss,Capacity32,5,0.35794451901566,0,0
Uniform-Miss,Capacity8,5,0.347266160818155,0,0
Uniform-Miss,MatchedContainedSpanPoint,5,0.37151176290297117,0,0
Uniform-Miss,MatchedContainedPoint,5,0.36955007390982997,0,0
Uniform-Miss,InternalContainedSpan,5,0.3692046409023361,0,0
Uniform-Miss,MatchedContainedSpan,5,0.36424415163408214,0,0
Uniform-Miss,MatchedContained,5,0.36820144149783224,0,0
Uniform-Miss,ContainedSpan,5,0.36015540589209827,0,0
Uniform-Miss,SpanTraversal,5,0.361095563940997,0,0
Uniform-Miss,RootContained,5,0.37188891678055763,0,0
Uniform-Miss,InternalContained,5,0.24193889833122645,0,0
Uniform-Miss,Contained,5,0.36291564975185764,0,0
Uniform-Miss,SIMD,5,196.12843137254902,0,0
Uniform-Miss,After,5,0.2691699471753979,0,0
Uniform-Miss,Before,5,0.2726276402151021,0,0
Uniform-Miss,Before,6,0.7863885839736553,0,0
Uniform-Miss,After,6,0.3362115774167248,0,0
Uniform-Miss,SIMD,6,268.6892617449664,0,0
Uniform-Miss,Contained,6,1.214592672746947,0,0
Uniform-Miss,InternalContained,6,0.39509684811489415,0,0
Uniform-Miss,RootContained,6,0.5182782881353736,0,0
Uniform-Miss,SpanTraversal,6,0.4404364725442914,0,0
Uniform-Miss,ContainedSpan,6,0.4092877387932181,0,0
Uniform-Miss,MatchedContained,6,0.3750384413441344,0,0
Uniform-Miss,MatchedContainedSpan,6,0.3651761505244803,0,0
Uniform-Miss,InternalContainedSpan,6,0.3694954552172628,0,0
Uniform-Miss,MatchedContainedPoint,6,0.37426550394850105,0,0
Uniform-Miss,MatchedContainedSpanPoint,6,0.37166019363350866,0,0
Uniform-Miss,Capacity8,6,0.3488796629830881,0,0
Uniform-Miss,Capacity32,6,0.3569994198759427,0,0
Uniform-Miss,Capacity64,6,0.3561158444842107,0,0
Uniform-Miss,Capacity64,7,0.34966126734092673,0,0
Uniform-Miss,Capacity32,7,0.3561937328026073,0,0
Uniform-Miss,Capacity8,7,0.3557597210857732,0,0
Uniform-Miss,MatchedContainedSpanPoint,7,0.5989129783793495,0,0
Uniform-Miss,MatchedContainedPoint,7,0.4864724840377014,0,0
Uniform-Miss,InternalContainedSpan,7,0.4226429846898344,0,0
Uniform-Miss,MatchedContainedSpan,7,0.4738181258217742,0,0
Uniform-Miss,MatchedContained,7,0.36973046918327357,0,0
Uniform-Miss,ContainedSpan,7,0.36530013972730346,0,0
Uniform-Miss,SpanTraversal,7,0.3631915376583284,0,0
Uniform-Miss,RootContained,7,0.3790364916470042,0,0
Uniform-Miss,InternalContained,7,0.24132644750257917,0,0
Uniform-Miss,Contained,7,0.37813974154148666,0,0
Uniform-Miss,SIMD,7,200.30599999999998,0,0
Uniform-Miss,After,7,0.26955880073589367,0,0
Uniform-Miss,Before,7,0.2713404831193146,0,0
Uniform-Miss,Before,8,0.2690070278086015,0,0
Uniform-Miss,After,8,0.2696951104398716,0,0
Uniform-Miss,SIMD,8,196.40833333333336,0,0
Uniform-Miss,Contained,8,0.36266047726118805,0,0
Uniform-Miss,InternalContained,8,0.24011477486238422,0,0
Uniform-Miss,RootContained,8,0.3698772007693446,0,0
Uniform-Miss,SpanTraversal,8,0.359812537667875,0,0
Uniform-Miss,ContainedSpan,8,0.362989010590125,0,0
Uniform-Miss,MatchedContained,8,0.3750621196635693,0,0
Uniform-Miss,MatchedContainedSpan,8,0.37484256690906365,0,0
Uniform-Miss,InternalContainedSpan,8,0.37606001917906096,0,0
Uniform-Miss,MatchedContainedPoint,8,0.3691671588895452,0,0
Uniform-Miss,MatchedContainedSpanPoint,8,0.37459590567698675,0,0
Uniform-Miss,Capacity8,8,0.3481993784656633,0,0
Uniform-Miss,Capacity32,8,0.3545627797721934,0,0
Uniform-Miss,Capacity64,8,0.34820760137193796,0,0
Clustered-Point,Before,0,1.1864363043155866,0,236005
Clustered-Point,After,0,1.1898301555667927,0,235333
Clustered-Point,SIMD,0,194.05314009661836,0,1449
Clustered-Point,Contained,0,1.3163156509148346,0,212716
Clustered-Point,InternalContained,0,1.2963120199630556,0,215999
Clustered-Point,RootContained,0,1.322071655208884,0,211792
Clustered-Point,SpanTraversal,0,1.135750589170618,0,246533
Clustered-Point,ContainedSpan,0,1.1546575065669833,0,242501
Clustered-Point,MatchedContained,0,1.3239334061496706,0,211491
Clustered-Point,MatchedContainedSpan,0,1.1806782962897369,0,237153
Clustered-Point,InternalContainedSpan,0,1.1551576758692388,0,242396
Clustered-Point,MatchedContainedPoint,0,1.359761362477479,0,205919
Clustered-Point,MatchedContainedSpanPoint,0,1.3258775564320993,0,211183
Clustered-Point,Capacity8,0,1.1201657845361113,0,249963
Clustered-Point,Capacity32,0,1.4935404376073482,0,187474
Clustered-Point,Capacity64,0,2.9159352675317103,0,96026
Clustered-Point,Capacity64,1,2.8947463637021493,0,96733
Clustered-Point,Capacity32,1,1.4940611810406006,0,187411
Clustered-Point,Capacity8,1,1.1137292571555852,0,251412
Clustered-Point,MatchedContainedSpanPoint,1,1.3202891375383703,0,212079
Clustered-Point,MatchedContainedPoint,1,1.3458044546127448,0,208054
Clustered-Point,InternalContainedSpan,1,1.1574028529267093,0,241927
Clustered-Point,MatchedContainedSpan,1,1.1669895265046533,0,239939
Clustered-Point,MatchedContained,1,1.3221252685506528,0,211785
Clustered-Point,ContainedSpan,1,1.1583487779450943,0,241724
Clustered-Point,SpanTraversal,1,1.1328433871424526,0,247170
Clustered-Point,RootContained,1,1.3041471048513302,0,214704
Clustered-Point,InternalContained,1,1.2903483870967742,0,217000
Clustered-Point,Contained,1,1.3131179830608626,0,213234
Clustered-Point,SIMD,1,193.62512077294687,0,1449
Clustered-Point,After,1,1.1829976636205009,0,236691
Clustered-Point,Before,1,1.192182284215546,0,234864
Clustered-Point,Before,2,1.1872491986228186,0,235844
Clustered-Point,After,2,1.1820390070921984,0,236880
Clustered-Point,SIMD,2,193.95797101449276,0,1449
Clustered-Point,Contained,2,1.3205909541102674,0,212030
Clustered-Point,InternalContained,2,1.3031176700547302,0,214872
Clustered-Point,RootContained,2,1.3014185320145757,0,215152
Clustered-Point,SpanTraversal,2,1.1275892202740034,0,248318
Clustered-Point,ContainedSpan,2,1.157809424568716,0,241836
Clustered-Point,MatchedContained,2,1.3272280841462605,0,210966
Clustered-Point,MatchedContainedSpan,2,1.176179834749625,0,238063
Clustered-Point,InternalContainedSpan,2,1.199076710932582,0,233513
Clustered-Point,MatchedContainedPoint,2,1.3521718554575264,0,207081
Clustered-Point,MatchedContainedSpanPoint,2,1.3134826295396336,0,213178
Clustered-Point,Capacity8,2,1.116674576365819,0,250747
Clustered-Point,Capacity32,2,1.4983705424033562,0,186872
Clustered-Point,Capacity64,2,2.8985942028985505,0,96600
Clustered-Point,Capacity64,3,2.9326392961876833,0,95480
Clustered-Point,Capacity32,3,1.5240608092661738,0,183722
Clustered-Point,Capacity8,3,1.10981909993896,0,252294
Clustered-Point,MatchedContainedSpanPoint,3,1.317132602324739,0,212583
Clustered-Point,MatchedContainedPoint,3,1.3492123992309508,0,207529
Clustered-Point,InternalContainedSpan,3,1.1599669411901172,0,241388
Clustered-Point,MatchedContainedSpan,3,1.1714549288350027,0,239022
Clustered-Point,MatchedContained,3,1.3254647271281355,0,211253
Clustered-Point,ContainedSpan,3,1.1651364655850398,0,240317
Clustered-Point,SpanTraversal,3,1.1259732582688247,0,248675
Clustered-Point,RootContained,3,1.3005429658289172,0,215299
Clustered-Point,InternalContained,3,1.2888645444000515,0,217252
Clustered-Point,Contained,3,1.3115843661879467,0,213486
Clustered-Point,SIMD,3,196.26960784313727,0,1428
Clustered-Point,After,3,1.1990348011150744,0,233527
Clustered-Point,Before,3,1.1886574349221442,0,235564
Clustered-Point,Before,4,1.1933709239535786,0,234633
Clustered-Point,After,4,1.1797557954344364,0,237342
Clustered-Point,SIMD,4,194.1632850241546,0,1449
Clustered-Point,Contained,4,1.3524936601859678,0,207025
Clustered-Point,InternalContained,4,5.925069393718042,0,47915
Clustered-Point,RootContained,4,3.7072567191844303,0,75530
Clustered-Point,SpanTraversal,4,1.566140714928938,0,178787
Clustered-Point,ContainedSpan,4,1.5111711371363807,0,185290
Clustered-Point,MatchedContained,4,1.3220881808566896,0,211792
Clustered-Point,MatchedContainedSpan,4,1.1688758364746792,0,239547
Clustered-Point,InternalContainedSpan,4,1.1668300224614216,0,239967
Clustered-Point,MatchedContainedPoint,4,1.3506516747703945,0,207312
Clustered-Point,MatchedContainedSpanPoint,4,1.3149539776462853,0,212940
Clustered-Point,Capacity8,4,1.1112540282253582,0,251972
Clustered-Point,Capacity32,4,1.4908833395452852,0,187810
Clustered-Point,Capacity64,4,2.8947174180476156,0,96733
Clustered-Point,Capacity64,5,2.8727664464234417,0,97468
Clustered-Point,Capacity32,5,1.49326538992795,0,187509
Clustered-Point,Capacity8,5,1.1113719715492332,0,251944
Clustered-Point,MatchedContainedSpanPoint,5,1.3103052935010482,0,213696
Clustered-Point,MatchedContainedPoint,5,1.3512634281467468,0,207214
Clustered-Point,InternalContainedSpan,5,1.1558223532131298,0,242256
Clustered-Point,MatchedContainedSpan,5,1.1763064255256581,0,238035
Clustered-Point,MatchedContained,5,1.3263039225438509,0,211113
Clustered-Point,ContainedSpan,5,1.1571350053516156,0,241983
Clustered-Point,SpanTraversal,5,1.131224547511312,0,247520
Clustered-Point,RootContained,5,1.303604366954538,0,214795
Clustered-Point,InternalContained,5,1.2970848600797693,0,215873
Clustered-Point,Contained,5,1.316202165114672,0,212737
Clustered-Point,SIMD,5,193.91256038647344,0,1449
Clustered-Point,After,5,1.1932700912833365,0,234654
Clustered-Point,Before,5,1.405714084903008,0,199192
Clustered-Point,Before,6,1.1955526331520117,0,234206
Clustered-Point,After,6,1.1859582542694498,0,236096
Clustered-Point,SIMD,6,196.00731707317073,0,1435
Clustered-Point,Contained,6,1.3164988151658767,0,212688
Clustered-Point,InternalContained,6,1.2958145712527132,0,216083
Clustered-Point,RootContained,6,1.3012361743656473,0,215180
Clustered-Point,SpanTraversal,6,1.1298356117952773,0,247828
Clustered-Point,ContainedSpan,6,1.1534313725490195,0,242760
Clustered-Point,MatchedContained,6,1.324199688813851,0,211449
Clustered-Point,MatchedContainedSpan,6,1.1669807742801295,0,239939
Clustered-Point,InternalContainedSpan,6,1.1561506445459275,0,242186
Clustered-Point,MatchedContainedPoint,6,1.3630942238882262,0,205415
Clustered-Point,MatchedContainedSpanPoint,6,1.355224285133487,0,206612
Clustered-Point,Capacity8,6,1.1730469208211145,0,238700
Clustered-Point,Capacity32,6,1.504324934185784,0,186130
Clustered-Point,Capacity64,6,2.9043781311261165,0,96411
Clustered-Point,Capacity64,7,2.897681999275625,0,96635
Clustered-Point,Capacity32,7,1.487855681606844,0,188195
Clustered-Point,Capacity8,7,1.1226949956496113,0,249403
Clustered-Point,MatchedContainedSpanPoint,7,1.3180907503212838,0,212429
Clustered-Point,MatchedContainedPoint,7,1.3996955700188956,0,200046
Clustered-Point,InternalContainedSpan,7,1.1553854596920943,0,242347
Clustered-Point,MatchedContainedSpan,7,1.1711178123902095,0,239092
Clustered-Point,MatchedContained,7,1.3266823654273492,0,211057
Clustered-Point,ContainedSpan,7,1.1598689361208572,0,241409
Clustered-Point,SpanTraversal,7,1.1801008968609865,0,237272
Clustered-Point,RootContained,7,1.3278747842252026,0,210868
Clustered-Point,InternalContained,7,1.2929919834497026,0,216552
Clustered-Point,Contained,7,1.314940828402367,0,212940
Clustered-Point,SIMD,7,196.8093137254902,0,1428
Clustered-Point,After,7,1.1892935719807336,0,235438
Clustered-Point,Before,7,1.2092324435442425,0,231553
Clustered-Point,Before,8,1.190337459826211,0,235228
Clustered-Point,After,8,1.1904291411225523,0,235214
Clustered-Point,SIMD,8,193.50193236714978,0,1449
Clustered-Point,Contained,8,1.3159324933381584,0,212779
Clustered-Point,InternalContained,8,1.2934359438660028,0,216482
Clustered-Point,RootContained,8,1.3036959780979076,0,214774
Clustered-Point,SpanTraversal,8,1.1229898933183604,0,249340
Clustered-Point,ContainedSpan,8,1.1589337968998985,0,241605
Clustered-Point,MatchedContained,8,1.3233805333156885,0,211582
Clustered-Point,MatchedContainedSpan,8,1.1731325336539873,0,238679
Clustered-Point,InternalContainedSpan,8,1.1629240922173445,0,240779
Clustered-Point,MatchedContainedPoint,8,1.348368502662981,0,207662
Clustered-Point,MatchedContainedSpanPoint,8,1.3133232648236914,0,213206
Clustered-Point,Capacity8,8,1.1102503608304652,0,252196
Clustered-Point,Capacity32,8,1.4938267916495498,0,187439
Clustered-Point,Capacity64,8,2.879434206737691,0,97244
Clustered-Small,Before,0,2.8413197897428613,0,5687512
Clustered-Small,After,0,2.8222888590982858,0,5725892
Clustered-Small,SIMD,0,200.14700000000002,0,80800
Clustered-Small,Contained,0,2.8022626970227673,0,5767100
Clustered-Small,InternalContained,0,2.925126142595978,0,5524700
Clustered-Small,RootContained,0,2.9244260856850417,0,5525912
Clustered-Small,SpanTraversal,0,2.62509515684473,0,6156152
Clustered-Small,ContainedSpan,0,2.5416634896429025,0,6358152
Clustered-Small,MatchedContained,0,4.601115711985277,0,3512376
Clustered-Small,MatchedContainedSpan,0,8.795186194368755,0,2224020
Clustered-Small,InternalContainedSpan,0,4.048836032388664,0,3991520
Clustered-Small,MatchedContainedPoint,0,5.711792385569657,0,2833252
Clustered-Small,MatchedContainedSpanPoint,0,5.266482939632546,0,3078480
Clustered-Small,Capacity8,0,3.0727454294054386,0,5259272
Clustered-Small,Capacity32,0,2.9738681138948775,0,5434204
Clustered-Small,Capacity64,0,4.267747786194388,0,3786692
Clustered-Small,Capacity64,1,4.175054795950318,0,3870724
Clustered-Small,Capacity32,1,3.2706623058053963,0,4940920
Clustered-Small,Capacity8,1,2.8624257602862255,0,5645900
Clustered-Small,MatchedContainedSpanPoint,1,2.656894261424017,0,6082624
Clustered-Small,MatchedContainedPoint,1,3.008068882538728,0,5372392
Clustered-Small,InternalContainedSpan,1,2.7669779345645704,0,5840628
Clustered-Small,MatchedContainedSpan,1,2.5087300094073375,0,6441780
Clustered-Small,MatchedContained,1,2.905607612406479,0,5561868
Clustered-Small,ContainedSpan,1,2.5447356702080284,0,6350476
Clustered-Small,SpanTraversal,1,2.6567680658873543,0,6082624
Clustered-Small,RootContained,1,2.9933922023497717,0,5398652
Clustered-Small,InternalContained,1,2.9240643274853797,0,5526720
Clustered-Small,Contained,1,2.818964059196617,0,5732760
Clustered-Small,SIMD,1,249.67639751552795,0,65044
Clustered-Small,After,1,4.479829768171128,0,3607316
Clustered-Small,Before,1,3.285315374507227,0,4919104
Clustered-Small,Before,2,4.084744205044419,0,3956372
Clustered-Small,After,2,3.2983426781002643,0,4899712
Clustered-Small,SIMD,2,199.6323383084577,0,81204
Clustered-Small,Contained,2,2.839352640545145,0,5691552
Clustered-Small,InternalContained,2,2.922105340054058,0,5530356
Clustered-Small,RootContained,2,2.944460802355539,0,5488340
Clustered-Small,SpanTraversal,2,2.629315104509005,0,6146456
Clustered-Small,ContainedSpan,2,2.537875904073087,0,6367848
Clustered-Small,MatchedContained,2,2.876792520676016,0,5617620
Clustered-Small,MatchedContainedSpan,2,2.501131745138498,0,6461172
Clustered-Small,InternalContainedSpan,2,2.770919922416182,0,5832144
Clustered-Small,MatchedContainedPoint,2,3.005951754715563,0,5376028
Clustered-Small,MatchedContainedSpanPoint,2,2.6602819898909282,0,6074544
Clustered-Small,Capacity8,2,2.862670865240106,0,5645092
Clustered-Small,Capacity32,2,2.958501590119074,0,5462484
Clustered-Small,Capacity64,2,4.172400125169501,0,3873148
Clustered-Small,Capacity64,3,4.172298706716729,0,3873552
Clustered-Small,Capacity32,3,2.9592099422991565,0,5461272
Clustered-Small,Capacity8,3,2.88775628068149,0,5596208
Clustered-Small,MatchedContainedSpanPoint,3,2.6653451492537314,0,6063232
Clustered-Small,MatchedContainedPoint,3,3.010959729017689,0,5367140
Clustered-Small,InternalContainedSpan,3,2.7563288086543096,0,5863252
Clustered-Small,MatchedContainedSpan,3,2.5492447900070103,0,6339164
Clustered-Small,MatchedContained,3,2.8892957746478873,0,5593380
Clustered-Small,ContainedSpan,3,2.5450404021123627,0,6349668
Clustered-Small,SpanTraversal,3,2.617016683022571,0,6175140
Clustered-Small,RootContained,3,2.944967974674225,0,5487532
Clustered-Small,InternalContained,3,2.9441819386177963,0,5489148
Clustered-Small,Contained,3,2.8038129950234807,0,5763868
Clustered-Small,SIMD,3,198.8049504950495,0,81608
Clustered-Small,After,3,2.804093936207501,0,5763060
Clustered-Small,Before,3,2.8270318021201413,0,5716600
Clustered-Small,Before,4,2.826418427188582,0,5717812
Clustered-Small,After,4,2.8145229383619474,0,5741648
Clustered-Small,SIMD,4,198.38366336633663,0,81608
Clustered-Small,Contained,4,2.799594064949608,0,5772352
Clustered-Small,InternalContained,4,2.9211552504746607,0,5532376
Clustered-Small,RootContained,4,2.951335399144164,0,5475816
Clustered-Small,SpanTraversal,4,2.633576930673514,0,6136356
Clustered-Small,ContainedSpan,4,2.5428834784819783,0,6355324
Clustered-Small,MatchedContained,4,2.891650401214487,0,5588532
Clustered-Small,MatchedContainedSpan,4,2.4905485337152107,0,6488644
Clustered-Small,InternalContainedSpan,4,2.75591457113331,0,5864060
Clustered-Small,MatchedContainedPoint,4,3.0085138387484958,0,5371584
Clustered-Small,MatchedContainedSpanPoint,4,2.660341846235701,0,6074544
Clustered-Small,Capacity8,4,2.889331888768509,0,5593380
Clustered-Small,Capacity32,4,2.9663700407860585,0,5447940
Clustered-Small,Capacity64,4,4.172671325753625,0,3873148
Clustered-Small,Capacity64,5,4.199485564304462,0,3848100
Clustered-Small,Capacity32,5,2.955186170212766,0,5468544
Clustered-Small,Capacity8,5,2.867094323394495,0,5636608
Clustered-Small,MatchedContainedSpanPoint,5,2.655233986060405,0,6086260
Clustered-Small,MatchedContainedPoint,5,3.0423942804989355,0,5311792
Clustered-Small,InternalContainedSpan,5,2.842499822354864,0,5685492
Clustered-Small,MatchedContainedSpan,5,2.492348909657321,0,6484200
Clustered-Small,MatchedContained,5,2.8857740585774057,0,5600248
Clustered-Small,ContainedSpan,5,2.5468865401757292,0,6345224
Clustered-Small,SpanTraversal,5,2.611864185439112,0,6187260
Clustered-Small,RootContained,5,2.939854486661277,0,5497228
Clustered-Small,InternalContained,5,2.9729245633593457,0,5435820
Clustered-Small,Contained,5,2.8086223844965597,0,5753768
Clustered-Small,SIMD,5,199.09353233830848,0,81204
Clustered-Small,After,5,2.8019753432333987,0,5767504
Clustered-Small,Before,5,2.8431871490511056,0,5683876
Clustered-Small,Before,6,2.829181696018106,0,5712156
Clustered-Small,After,6,2.8054846402019917,0,5760232
Clustered-Small,SIMD,6,198.68762376237623,0,81608
Clustered-Small,Contained,6,2.821064880112835,0,5728720
Clustered-Small,InternalContained,6,2.943428991905813,0,5490360
Clustered-Small,RootContained,6,2.979664804469274,0,5423700
Clustered-Small,SpanTraversal,6,2.613774176685834,0,6182816
Clustered-Small,ContainedSpan,6,2.532947061803445,0,6379968
Clustered-Small,MatchedContained,6,2.934648961925024,0,5506924
Clustered-Small,MatchedContainedSpan,6,2.499256482349266,0,6466020
Clustered-Small,InternalContainedSpan,6,2.8578195327570195,0,5654788
Clustered-Small,MatchedContainedPoint,6,3.064725712534478,0,5273008
Clustered-Small,MatchedContainedSpanPoint,6,2.672956899432008,0,6045860
Clustered-Small,Capacity8,6,2.8757656362329262,0,5619640
Clustered-Small,Capacity32,6,2.9662390627317214,0,5448344
Clustered-Small,Capacity64,6,4.191502514668902,0,3855776
Clustered-Small,Capacity64,7,4.196988773476026,0,3850524
Clustered-Small,Capacity32,7,3.037872114216282,0,5319872
Clustered-Small,Capacity8,7,2.9564079822616405,0,5466120
Clustered-Small,MatchedContainedSpanPoint,7,2.659550561797753,0,6076564
Clustered-Small,MatchedContainedPoint,7,3.0159001809408927,0,5358656
Clustered-Small,InternalContainedSpan,7,2.7551346511467734,0,5865676
Clustered-Small,MatchedContainedSpan,7,2.495632642874969,0,6475312
Clustered-Small,MatchedContained,7,3.0268936814226257,0,5338860
Clustered-Small,ContainedSpan,7,2.803139453398739,0,5765080
Clustered-Small,SpanTraversal,7,2.668243062966916,0,6056768
Clustered-Small,RootContained,7,3.227763433919639,0,5007176
Clustered-Small,InternalContained,7,3.157518351882548,0,5118276
Clustered-Small,Contained,7,3.108991995026036,0,5198268
Clustered-Small,SIMD,7,234.28362573099415,0,69084
Clustered-Small,After,7,2.88998627266816,0,5591764
Clustered-Small,Before,7,2.885759630644929,0,5600248
Clustered-Small,Before,8,2.925427819218956,0,5524296
Clustered-Small,After,8,3.0699693016116654,0,5264120
Clustered-Small,SIMD,8,203.48984771573603,0,79588
Clustered-Small,Contained,8,2.8207742754389677,0,5729124
Clustered-Small,InternalContained,8,2.943950544598175,0,5489552
Clustered-Small,RootContained,8,3.1484889028805285,0,5133224
Clustered-Small,SpanTraversal,8,3.830683777054204,0,4218568
Clustered-Small,ContainedSpan,8,2.9506085417127683,0,5477028
Clustered-Small,MatchedContained,8,3.3791349890184152,0,4782552
Clustered-Small,MatchedContainedSpan,8,2.733239956272205,0,5912944
Clustered-Small,InternalContainedSpan,8,3.2173329043674093,0,5022932
Clustered-Small,MatchedContainedPoint,8,3.529433562731604,0,4578936
Clustered-Small,MatchedContainedSpanPoint,8,2.8504702864472,0,5669736
Clustered-Small,Capacity8,8,3.2143431096826034,0,5027780
Clustered-Small,Capacity32,8,3.5421942796422563,0,4562372
Clustered-Small,Capacity64,8,4.402002640845071,0,3671552
Clustered-Medium,Before,0,63.92316293929713,0,12335956
Clustered-Medium,After,0,63.57238095238095,0,12414780
Clustered-Medium,SIMD,0,257.75320512820514,0,3074136
Clustered-Medium,Contained,0,42.94871244635193,0,18365992
Clustered-Medium,InternalContained,0,48.897557997557996,0,16139214
Clustered-Medium,RootContained,0,61.61169230769231,0,12808900
Clustered-Medium,SpanTraversal,0,61.913446676970636,0,12749782
Clustered-Medium,ContainedSpan,0,40.50455465587044,0,19469528
Clustered-Medium,MatchedContained,0,42.59127659574468,0,18523640
Clustered-Medium,MatchedContainedSpan,0,41.67822916666667,0,18917760
Clustered-Medium,InternalContainedSpan,0,46.538372093023256,0,16947160
Clustered-Medium,MatchedContainedPoint,0,41.535995850622406,0,18996584
Clustered-Medium,MatchedContainedSpanPoint,0,46.10149769585253,0,17104808
Clustered-Medium,Capacity8,0,73.95896487985213,0,10660946
Clustered-Medium,Capacity32,0,68.6180102915952,0,11488598
Clustered-Medium,Capacity64,0,61.807561728395065,0,12769488
Clustered-Medium,Capacity64,1,60.86914893617021,0,12966548
Clustered-Medium,Capacity32,1,62.84772370486656,0,12552722
Clustered-Medium,Capacity8,1,73.94768946395563,0,10660946
Clustered-Medium,MatchedContainedSpanPoint,1,40.53049645390071,0,19449822
Clustered-Medium,MatchedContainedPoint,1,41.87186192468619,0,18838936
Clustered-Medium,InternalContainedSpan,1,47.2263282172373,0,16690982
Clustered-Medium,MatchedContainedSpan,1,41.43602484472049,0,19035996
Clustered-Medium,MatchedContained,1,43.27167567567568,0,18228050
Clustered-Medium,ContainedSpan,1,40.89090909090909,0,19292174
Clustered-Medium,SpanTraversal,1,61.78996913580247,0,12769488
Clustered-Medium,RootContained,1,62.30093312597201,0,12670958
Clustered-Medium,InternalContained,1,49.43518518518518,0,15961860
Clustered-Medium,Contained,1,43.45048859934854,0,18149226
Clustered-Medium,SIMD,1,301.21503759398496,0,2620898
Clustered-Medium,After,1,64.21332263242375,0,12276838
Clustered-Medium,Before,1,62.79952904238619,0,12552722
Clustered-Medium,Before,2,63.14227129337539,0,12493604
Clustered-Medium,After,2,62.14736024844721,0,12690664
Clustered-Medium,SIMD,2,252.74905660377357,0,3133254
Clustered-Medium,Contained,2,42.18988408851422,0,18700994
Clustered-Medium,InternalContained,2,48.60121359223301,0,16237744
Clustered-Medium,RootContained,2,61.960990712074306,0,12730076
Clustered-Medium,SpanTraversal,2,60.900608828006085,0,12946842
Clustered-Medium,ContainedSpan,2,41.55223260643822,0,18976878
Clustered-Medium,MatchedContained,2,44.911335578002245,0,17558046
Clustered-Medium,MatchedContainedSpan,2,41.758455114822546,0,18878348
Clustered-Medium,InternalContainedSpan,2,48.60972053462941,0,16218038
Clustered-Medium,MatchedContainedPoint,2,41.96236897274633,0,18799524
Clustered-Medium,MatchedContainedSpanPoint,2,40.56251266464032,0,19449822
Clustered-Medium,Capacity8,2,73.28095238095239,0,10759476
Clustered-Medium,Capacity32,2,63.47321711568938,0,12434486
Clustered-Medium,Capacity64,2,60.95555555555556,0,12946842
Clustered-Medium,Capacity64,3,60.87811550151976,0,12966548
Clustered-Medium,Capacity32,3,63.13738170347003,0,12493604
Clustered-Medium,Capacity8,3,75.72117202268431,0,10424474
Clustered-Medium,MatchedContainedSpanPoint,3,40.83826530612245,0,19311880
Clustered-Medium,MatchedContainedPoint,3,41.359607438016525,0,19075408
Clustered-Medium,InternalContainedSpan,3,46.65536130536131,0,16907748
Clustered-Medium,MatchedContainedSpan,3,40.26177062374245,0,19587764
Clustered-Medium,MatchedContained,3,42.53751328374071,0,18543346
Clustered-Medium,ContainedSpan,3,40.6410152284264,0,19410410
Clustered-Medium,SpanTraversal,3,60.65621212121212,0,13005960
Clustered-Medium,RootContained,3,62.088217054263566,0,12710370
Clustered-Medium,InternalContained,3,48.61336573511544,0,16218038
Clustered-Medium,Contained,3,42.58489361702128,0,18523640
Clustered-Medium,SIMD,3,254.24493670886073,0,3113548
Clustered-Medium,After,3,61.698767334360554,0,12789194
Clustered-Medium,Before,3,62.62676056338028,0,12592134
Clustered-Medium,Before,4,62.89984301412873,0,12552722
Clustered-Medium,After,4,64.62568659127626,0,12198014
Clustered-Medium,SIMD,4,260.25,0,3034724
Clustered-Medium,Contained,4,45.75131428571429,0,17242750
Clustered-Medium,InternalContained,4,50.16152882205514,0,15725388
Clustered-Medium,RootContained,4,61.75787037037037,0,12769488
Clustered-Medium,SpanTraversal,4,62.19534161490684,0,12690664
Clustered-Medium,ContainedSpan,4,40.93936605316973,0,19272468
Clustered-Medium,MatchedContained,4,42.786203208556145,0,18425110
Clustered-Medium,MatchedContainedSpan,4,41.08624229979466,0,19193644
Clustered-Medium,InternalContainedSpan,4,46.4862950058072,0,16966866
Clustered-Medium,MatchedContainedPoint,4,41.67479166666667,0,18917760
Clustered-Medium,MatchedContainedSpanPoint,4,40.87987742594484,0,19292174
Clustered-Medium,Capacity8,4,73.98133086876156,0,10660946
Clustered-Medium,Capacity32,4,63.191943127962084,0,12473898
Clustered-Medium,Capacity64,4,61.14748091603053,0,12907430
Clustered-Medium,Capacity64,5,60.82006079027355,0,12966548
Clustered-Medium,Capacity32,5,64.84262560777958,0,12158602
Clustered-Medium,Capacity8,5,85.01337579617835,0,9281526
Clustered-Medium,MatchedContainedSpanPoint,5,40.70640895218718,0,19370998
Clustered-Medium,MatchedContainedPoint,5,41.37435367114788,0,19055702
Clustered-Medium,InternalContainedSpan,5,48.5882281553398,0,16237744
Clustered-Medium,MatchedContainedSpan,5,40.28378650553877,0,19568058
Clustered-Medium,MatchedContained,5,42.78588235294118,0,18425110
Clustered-Medium,ContainedSpan,5,40.6184771573604,0,19410410
Clustered-Medium,SpanTraversal,5,61.42269938650306,0,12848312
Clustered-Medium,RootContained,5,62.173136645962735,0,12690664
Clustered-Medium,InternalContained,5,49.25522755227552,0,16020978
Clustered-Medium,Contained,5,42.15173867228662,0,18700994
Clustered-Medium,SIMD,5,251.69937106918238,0,3133254
Clustered-Medium,After,5,61.43113496932515,0,12848312
Clustered-Medium,Before,5,62.081705426356585,0,12710370
Clustered-Medium,Before,6,62.171118012422355,0,12690664
Clustered-Medium,After,6,61.6497688751926,0,12789194
Clustered-Medium,SIMD,6,252.04025157232707,0,3133254
Clustered-Medium,Contained,6,42.11189473684211,0,18720700
Clustered-Medium,InternalContained,6,48.64398541919805,0,16218038
Clustered-Medium,RootContained,6,61.60446153846154,0,12808900
Clustered-Medium,SpanTraversal,6,60.65727272727273,0,13005960
Clustered-Medium,ContainedSpan,6,40.74154786150712,0,19351292
Clustered-Medium,MatchedContained,6,42.30232558139535,0,18641876
Clustered-Medium,MatchedContainedSpan,6,40.776758409785934,0,19331586
Clustered-Medium,InternalContainedSpan,6,46.46236933797909,0,16966866
Clustered-Medium,MatchedContainedPoint,6,41.57227414330218,0,18976878
Clustered-Medium,MatchedContainedSpanPoint,6,40.34818548387097,0,19548352
Clustered-Medium,Capacity8,6,73.42550458715597,0,10739770
Clustered-Medium,Capacity32,6,63.09322834645669,0,12513310
Clustered-Medium,Capacity64,6,61.190366972477065,0,12887724
Clustered-Medium,Capacity64,7,61.33828483920368,0,12868018
Clustered-Medium,Capacity32,7,63.94073482428115,0,12335956
Clustered-Medium,Capacity8,7,74.02236598890943,0,10660946
Clustered-Medium,MatchedContainedSpanPoint,7,40.90143149284253,0,19272468
Clustered-Medium,MatchedContainedPoint,7,44.77069351230425,0,17617164
Clustered-Medium,InternalContainedSpan,7,56.45768688293371,0,13971554
Clustered-Medium,MatchedContainedSpan,7,40.598478701825556,0,19430116
Clustered-Medium,MatchedContained,7,42.556382978723406,0,18523640
Clustered-Medium,ContainedSpan,7,40.85071428571428,0,19311880
Clustered-Medium,SpanTraversal,7,63.46877971473852,0,12434486
Clustered-Medium,RootContained,7,64.431884057971,0,12237426
Clustered-Medium,InternalContained,7,48.822560975609754,0,16158920
Clustered-Medium,Contained,7,42.772222222222226,0,18444816
Clustered-Medium,SIMD,7,254.15506329113924,0,3113548
Clustered-Medium,After,7,61.7445987654321,0,12769488
Clustered-Medium,Before,7,62.43229329173167,0,12631546
Clustered-Medium,Before,8,62.625508607198746,0,12592134
Clustered-Medium,After,8,62.256454121306376,0,12670958
Clustered-Medium,SIMD,8,252.70377358490566,0,3133254
Clustered-Medium,Contained,8,42.325264270613104,0,18641876
Clustered-Medium,InternalContained,8,48.492000000000004,0,16257450
Clustered-Medium,RootContained,8,62.15310559006211,0,12690664
Clustered-Medium,SpanTraversal,8,60.73247344461305,0,12986254
Clustered-Medium,ContainedSpan,8,40.703357070193285,0,19370998
Clustered-Medium,MatchedContained,8,42.42619300106045,0,18582758
Clustered-Medium,MatchedContainedSpan,8,40.424949494949495,0,19508940
Clustered-Medium,InternalContainedSpan,8,46.60547147846333,0,16927454
Clustered-Medium,MatchedContainedPoint,8,41.632154006243496,0,18937466
Clustered-Medium,MatchedContainedSpanPoint,8,40.66859756097561,0,19390704
Clustered-Medium,Capacity8,8,74.28775510204082,0,10621534
Clustered-Medium,Capacity32,8,64.83581847649918,0,12158602
Clustered-Medium,Capacity64,8,60.77359635811837,0,12986254
Clustered-Broad,Before,0,528.9973684210527,0,13826756
Clustered-Broad,After,0,528.9526315789474,0,13826756
Clustered-Broad,SIMD,0,672.4766666666667,0,10915860
Clustered-Broad,Contained,0,315.84409448818894,0,23105237
Clustered-Broad,InternalContained,0,329.59672131147545,0,22195582
Clustered-Broad,RootContained,0,523.2311688311688,0,14008687
Clustered-Broad,SpanTraversal,0,519.8116883116883,0,14008687
Clustered-Broad,ContainedSpan,0,315.2007874015748,0,23105237
Clustered-Broad,MatchedContained,0,312.7328125,0,23287168
Clustered-Broad,MatchedContainedSpan,0,312.75078125,0,23287168
Clustered-Broad,InternalContainedSpan,0,323.6548387096774,0,22559444
Clustered-Broad,MatchedContainedPoint,0,310.27441860465115,0,23469099
Clustered-Broad,MatchedContainedSpanPoint,0,308.93923076923073,0,23651030
Clustered-Broad,Capacity8,0,620.6753846153846,0,11825515
Clustered-Broad,Capacity32,0,503.985,0,14554480
Clustered-Broad,Capacity64,0,490.490243902439,0,14918342
Clustered-Broad,Capacity64,1,492.03902439024387,0,14918342
Clustered-Broad,Capacity32,1,490.3231707317073,0,14918342
Clustered-Broad,Capacity8,1,617.3815384615385,0,11825515
Clustered-Broad,MatchedContainedSpanPoint,1,311.82325581395344,0,23469099
Clustered-Broad,MatchedContainedPoint,1,311.34496124031006,0,23469099
Clustered-Broad,InternalContainedSpan,1,320.70959999999997,0,22741375
Clustered-Broad,MatchedContainedSpan,1,312.04806201550383,0,23469099
Clustered-Broad,MatchedContained,1,323.73467741935485,0,22559444
Clustered-Broad,ContainedSpan,1,314.48046875,0,23287168
Clustered-Broad,SpanTraversal,1,529.3078947368422,0,13826756
Clustered-Broad,RootContained,1,524.7688311688312,0,14008687
Clustered-Broad,InternalContained,1,330.9504132231405,0,22013651
Clustered-Broad,Contained,1,332.59173553719006,0,22013651
Clustered-Broad,SIMD,1,677.2516666666667,0,10915860
Clustered-Broad,After,1,530.2697368421053,0,13826756
Clustered-Broad,Before,1,523.2064935064935,0,14008687
Clustered-Broad,Before,2,523.9454545454546,0,14008687
Clustered-Broad,After,2,529.7276315789474,0,13826756
Clustered-Broad,SIMD,2,675.5333333333333,0,10915860
Clustered-Broad,Contained,2,316.55826771653545,0,23105237
Clustered-Broad,InternalContained,2,333.5991666666667,0,21831720
Clustered-Broad,RootContained,2,531.9,0,13826756
Clustered-Broad,SpanTraversal,2,518.1692307692307,0,14190618
Clustered-Broad,ContainedSpan,2,314.48671875,0,23287168
Clustered-Broad,MatchedContained,2,315.01181102362204,0,23105237
Clustered-Broad,MatchedContainedSpan,2,312.56953125,0,23287168
Clustered-Broad,InternalContainedSpan,2,321.2688,0,22741375
Clustered-Broad,MatchedContainedPoint,2,313.36015625,0,23287168
Clustered-Broad,MatchedContainedSpanPoint,2,308.26000000000005,0,23651030
Clustered-Broad,Capacity8,2,618.5953846153845,0,11825515
Clustered-Broad,Capacity32,2,488.64512195121955,0,14918342
Clustered-Broad,Capacity64,2,489.9353658536585,0,14918342
Clustered-Broad,Capacity64,3,490.5426829268293,0,14918342
Clustered-Broad,Capacity32,3,528.8934210526317,0,13826756
Clustered-Broad,Capacity8,3,620.5476923076923,0,11825515
Clustered-Broad,MatchedContainedSpanPoint,3,308.94692307692304,0,23651030
Clustered-Broad,MatchedContainedPoint,3,311.8131782945737,0,23469099
Clustered-Broad,InternalContainedSpan,3,326.3471544715447,0,22377513
Clustered-Broad,MatchedContainedSpan,3,319.5309523809524,0,22923306
Clustered-Broad,MatchedContained,3,312.4713178294574,0,23469099
Clustered-Broad,ContainedSpan,3,314.39609375,0,23287168
Clustered-Broad,SpanTraversal,3,519.5571428571428,0,14008687
Clustered-Broad,RootContained,3,528.3526315789474,0,13826756
Clustered-Broad,InternalContained,3,328.70409836065573,0,22195582
Clustered-Broad,Contained,3,314.71875,0,23287168
Clustered-Broad,SIMD,3,671.4133333333334,0,10915860
Clustered-Broad,After,3,527.4355263157895,0,13826756
Clustered-Broad,Before,3,524.9246753246753,0,14008687
Clustered-Broad,Before,4,521.664935064935,0,14008687
Clustered-Broad,After,4,528.6960526315789,0,13826756
Clustered-Broad,SIMD,4,670.7416666666667,0,10915860
Clustered-Broad,Contained,4,313.10625,0,23287168
Clustered-Broad,InternalContained,4,332.0148760330579,0,22013651
Clustered-Broad,RootContained,4,527.107894736842,0,13826756
Clustered-Broad,SpanTraversal,4,521.7415584415584,0,14008687
Clustered-Broad,ContainedSpan,4,314.27421875,0,23287168
Clustered-Broad,MatchedContained,4,311.1961240310078,0,23469099
Clustered-Broad,MatchedContainedSpan,4,314.40390625,0,23287168
Clustered-Broad,InternalContainedSpan,4,322.44079999999997,0,22741375
Clustered-Broad,MatchedContainedPoint,4,310.93875968992245,0,23469099
Clustered-Broad,MatchedContainedSpanPoint,4,308.5430769230769,0,23651030
Clustered-Broad,Capacity8,4,619.2938461538462,0,11825515
Clustered-Broad,Capacity32,4,490.6317073170732,0,14918342
Clustered-Broad,Capacity64,4,491.92439024390245,0,14918342
Clustered-Broad,Capacity64,5,493.2390243902439,0,14918342
Clustered-Broad,Capacity32,5,516.5384615384615,0,14190618
Clustered-Broad,Capacity8,5,619.7830769230769,0,11825515
Clustered-Broad,MatchedContainedSpanPoint,5,307.7507692307692,0,23651030
Clustered-Broad,MatchedContainedPoint,5,310.1953488372093,0,23469099
Clustered-Broad,InternalContainedSpan,5,323.083870967742,0,22559444
Clustered-Broad,MatchedContainedSpan,5,316.5992125984252,0,23105237
Clustered-Broad,MatchedContained,5,312.368992248062,0,23469099
Clustered-Broad,ContainedSpan,5,314.278125,0,23287168
Clustered-Broad,SpanTraversal,5,517.1794871794872,0,14190618
Clustered-Broad,RootContained,5,525.1961038961039,0,14008687
Clustered-Broad,InternalContained,5,329.7704918032787,0,22195582
Clustered-Broad,Contained,5,314.178125,0,23287168
Clustered-Broad,SIMD,5,671.1683333333333,0,10915860
Clustered-Broad,After,5,531.4486842105263,0,13826756
Clustered-Broad,Before,5,526.190909090909,0,14008687
Clustered-Broad,Before,6,524.0688311688313,0,14008687
Clustered-Broad,After,6,527.9328947368422,0,13826756
Clustered-Broad,SIMD,6,702.2964912280702,0,10370067
Clustered-Broad,Contained,6,331.0413223140496,0,22013651
Clustered-Broad,InternalContained,6,328.9491803278689,0,22195582
Clustered-Broad,RootContained,6,523.8064935064934,0,14008687
Clustered-Broad,SpanTraversal,6,521.27012987013,0,14008687
Clustered-Broad,ContainedSpan,6,316.16062992125984,0,23105237
Clustered-Broad,MatchedContained,6,317.2716535433071,0,23105237
Clustered-Broad,MatchedContainedSpan,6,312.9828125,0,23287168
Clustered-Broad,InternalContainedSpan,6,321.308,0,22741375
Clustered-Broad,MatchedContainedPoint,6,311.1868217054263,0,23469099
Clustered-Broad,MatchedContainedSpanPoint,6,308.84615384615387,0,23651030
Clustered-Broad,Capacity8,6,626.9328125,0,11643584
Clustered-Broad,Capacity32,6,490.36097560975605,0,14918342
Clustered-Broad,Capacity64,6,490.8536585365854,0,14918342
Clustered-Broad,Capacity64,7,489.1804878048781,0,14918342
Clustered-Broad,Capacity32,7,516.4128205128205,0,14190618
Clustered-Broad,Capacity8,7,617.5,0,11825515
Clustered-Broad,MatchedContainedSpanPoint,7,307.7707692307692,0,23651030
Clustered-Broad,MatchedContainedPoint,7,310.78449612403097,0,23469099
Clustered-Broad,InternalContainedSpan,7,324.741935483871,0,22559444
Clustered-Broad,MatchedContainedSpan,7,321.1304,0,22741375
Clustered-Broad,MatchedContained,7,315.00708661417326,0,23105237
Clustered-Broad,ContainedSpan,7,314.80078125,0,23287168
Clustered-Broad,SpanTraversal,7,519.1,0,14190618
Clustered-Broad,RootContained,7,522.7558441558441,0,14008687
Clustered-Broad,InternalContained,7,332.91404958677685,0,22013651
Clustered-Broad,Contained,7,314.628125,0,23287168
Clustered-Broad,SIMD,7,674.245,0,10915860
Clustered-Broad,After,7,528.5868421052631,0,13826756
Clustered-Broad,Before,7,524.9727272727273,0,14008687
Clustered-Broad,Before,8,525.335064935065,0,14008687
Clustered-Broad,After,8,532.1631578947369,0,13826756
Clustered-Broad,SIMD,8,671.5666666666667,0,10915860
Clustered-Broad,Contained,8,313.11171875,0,23287168
Clustered-Broad,InternalContained,8,330.40901639344264,0,22195582
Clustered-Broad,RootContained,8,529.6802631578947,0,13826756
Clustered-Broad,SpanTraversal,8,531.6578947368421,0,13826756
Clustered-Broad,ContainedSpan,8,316.5228346456693,0,23105237
Clustered-Broad,MatchedContained,8,317.59999999999997,0,22923306
Clustered-Broad,MatchedContainedSpan,8,314.41171875,0,23287168
Clustered-Broad,InternalContainedSpan,8,321.3608,0,22741375
Clustered-Broad,MatchedContainedPoint,8,310.56976744186045,0,23469099
Clustered-Broad,MatchedContainedSpanPoint,8,308.9046153846154,0,23651030
Clustered-Broad,Capacity8,8,623.3061538461538,0,11825515
Clustered-Broad,Capacity32,8,492.3682926829268,0,14918342
Clustered-Broad,Capacity64,8,491.130487804878,0,14918342
Clustered-All,Before,0,1916.5428571428572,0,13440000
Clustered-All,After,0,2527.79375,0,10240000
Clustered-All,SIMD,0,1978.0904761904762,0,13440000
Clustered-All,Contained,0,1083.181081081081,0,23680000
Clustered-All,InternalContained,0,1078.2105263157894,0,24320000
Clustered-All,RootContained,0,1017.9825000000001,0,25600000
Clustered-All,SpanTraversal,0,1808.0652173913043,0,14720000
Clustered-All,ContainedSpan,0,1084.3297297297297,0,23680000
Clustered-All,MatchedContained,0,1075.6894736842105,0,24320000
Clustered-All,MatchedContainedSpan,0,1097.7567567567567,0,23680000
Clustered-All,InternalContainedSpan,0,1090.5783783783784,0,23680000
Clustered-All,MatchedContainedPoint,0,1101.127027027027,0,23680000
Clustered-All,MatchedContainedSpanPoint,0,1096.654054054054,0,23680000
Clustered-All,Capacity8,0,2124.1473684210528,0,12160000
Clustered-All,Capacity32,0,1681.6333333333332,0,15360000
Clustered-All,Capacity64,0,1623.2120000000002,0,16000000
Clustered-All,Capacity64,1,1628.856,0,16000000
Clustered-All,Capacity32,1,1689.9624999999999,0,15360000
Clustered-All,Capacity8,1,2122.5157894736844,0,12160000
Clustered-All,MatchedContainedSpanPoint,1,1100.2756756756755,0,23680000
Clustered-All,MatchedContainedPoint,1,1092.9918918918918,0,23680000
Clustered-All,InternalContainedSpan,1,1098.7027027027027,0,23680000
Clustered-All,MatchedContainedSpan,1,1094.9351351351352,0,23680000
Clustered-All,MatchedContained,1,1079.478947368421,0,24320000
Clustered-All,ContainedSpan,1,1086.145945945946,0,23680000
Clustered-All,SpanTraversal,1,1805.604347826087,0,14720000
Clustered-All,RootContained,1,1028.323076923077,0,24960000
Clustered-All,InternalContained,1,1086.12972972973,0,23680000
Clustered-All,Contained,1,1082.0621621621622,0,23680000
Clustered-All,SIMD,1,1965.3285714285714,0,13440000
Clustered-All,After,1,1845.9818181818182,0,14080000
Clustered-All,Before,1,1843.7727272727273,0,14080000
Clustered-All,Before,2,1844.9454545454546,0,14080000
Clustered-All,After,2,1854.1818181818182,0,14080000
Clustered-All,SIMD,2,2010.775,0,12800000
Clustered-All,Contained,2,1088.372972972973,0,23680000
Clustered-All,InternalContained,2,1103.7837837837837,0,23680000
Clustered-All,RootContained,2,1020.75,0,25600000
Clustered-All,SpanTraversal,2,1808.3608695652176,0,14720000
Clustered-All,ContainedSpan,2,1076.2631578947369,0,24320000
Clustered-All,MatchedContained,2,1076.7421052631578,0,24320000
Clustered-All,MatchedContainedSpan,2,1093.7351351351351,0,23680000
Clustered-All,InternalContainedSpan,2,1086.745945945946,0,23680000
Clustered-All,MatchedContainedPoint,2,1103.3486486486486,0,23680000
Clustered-All,MatchedContainedSpanPoint,2,1098.6594594594594,0,23680000
Clustered-All,Capacity8,2,2123.3368421052633,0,12160000
Clustered-All,Capacity32,2,1682.8458333333335,0,15360000
Clustered-All,Capacity64,2,1666.316,0,16000000
Clustered-All,Capacity64,3,1630.0120000000002,0,16000000
Clustered-All,Capacity32,3,1686.2625,0,15360000
Clustered-All,Capacity8,3,2125.063157894737,0,12160000
Clustered-All,MatchedContainedSpanPoint,3,1110.5216216216218,0,23680000
Clustered-All,MatchedContainedPoint,3,1109.7648648648649,0,23680000
Clustered-All,InternalContainedSpan,3,1132.15,0,23040000
Clustered-All,MatchedContainedSpan,3,1098.2972972972973,0,23680000
Clustered-All,MatchedContained,3,1076.5842105263157,0,24320000
Clustered-All,ContainedSpan,3,1076.0447368421053,0,24320000
Clustered-All,SpanTraversal,3,1806.5260869565216,0,14720000
Clustered-All,RootContained,3,1026.4307692307693,0,24960000
Clustered-All,InternalContained,3,1089.6702702702703,0,23680000
Clustered-All,Contained,3,1084.8891891891892,0,23680000
Clustered-All,SIMD,3,1979.8095238095239,0,13440000
Clustered-All,After,3,1851.85,0,14080000
Clustered-All,Before,3,1849.6818181818182,0,14080000
Clustered-All,Before,4,1836.8681818181817,0,14080000
Clustered-All,After,4,1852.0136363636366,0,14080000
Clustered-All,SIMD,4,1983.5095238095237,0,13440000
Clustered-All,Contained,4,1084.837837837838,0,23680000
Clustered-All,InternalContained,4,1084.8432432432433,0,23680000
Clustered-All,RootContained,4,1020.9399999999999,0,25600000
Clustered-All,SpanTraversal,4,1815.6173913043476,0,14720000
Clustered-All,ContainedSpan,4,1078.6263157894737,0,24320000
Clustered-All,MatchedContained,4,1074.7105263157894,0,24320000
Clustered-All,MatchedContainedSpan,4,1091.5432432432433,0,23680000
Clustered-All,InternalContainedSpan,4,1101.591891891892,0,23680000
Clustered-All,MatchedContainedPoint,4,1104.837837837838,0,23680000
Clustered-All,MatchedContainedSpanPoint,4,1116.5055555555555,0,23040000
Clustered-All,Capacity8,4,2131.773684210526,0,12160000
Clustered-All,Capacity32,4,1795.9260869565219,0,14720000
Clustered-All,Capacity64,4,1622.7,0,16000000
Clustered-All,Capacity64,5,1617.152,0,16000000
Clustered-All,Capacity32,5,1680.5041666666666,0,15360000
Clustered-All,Capacity8,5,2134.1263157894737,0,12160000
Clustered-All,MatchedContainedSpanPoint,5,1097.4783783783782,0,23680000
Clustered-All,MatchedContainedPoint,5,1096.7135135135136,0,23680000
Clustered-All,InternalContainedSpan,5,1095.5756756756757,0,23680000
Clustered-All,MatchedContainedSpan,5,1093.4270270270272,0,23680000
Clustered-All,MatchedContained,5,1073.171052631579,0,24320000
Clustered-All,ContainedSpan,5,1084.2864864864864,0,23680000
Clustered-All,SpanTraversal,5,1810.9652173913041,0,14720000
Clustered-All,RootContained,5,1022.1875,0,25600000
Clustered-All,InternalContained,5,1078.728947368421,0,24320000
Clustered-All,Contained,5,1080.6789473684212,0,24320000
Clustered-All,SIMD,5,1979.4,0,13440000
Clustered-All,After,5,1850.9136363636362,0,14080000
Clustered-All,Before,5,1840.9863636363634,0,14080000
Clustered-All,Before,6,1848.7272727272727,0,14080000
Clustered-All,After,6,1852.1681818181817,0,14080000
Clustered-All,SIMD,6,1985.7190476190476,0,13440000
Clustered-All,Contained,6,1084.1432432432434,0,23680000
Clustered-All,InternalContained,6,1077.921052631579,0,24320000
Clustered-All,RootContained,6,1017.2700000000001,0,25600000
Clustered-All,SpanTraversal,6,1801.2173913043478,0,14720000
Clustered-All,ContainedSpan,6,1072.6973684210527,0,24320000
Clustered-All,MatchedContained,6,1070.878947368421,0,24320000
Clustered-All,MatchedContainedSpan,6,1097.0837837837837,0,23680000
Clustered-All,InternalContainedSpan,6,1084.8675675675674,0,23680000
Clustered-All,MatchedContainedPoint,6,1100.245945945946,0,23680000
Clustered-All,MatchedContainedSpanPoint,6,1102.5702702702702,0,23680000
Clustered-All,Capacity8,6,2129.0789473684213,0,12160000
Clustered-All,Capacity32,6,1688.5375000000001,0,15360000
Clustered-All,Capacity64,6,1620.524,0,16000000
Clustered-All,Capacity64,7,1662.308,0,16000000
Clustered-All,Capacity32,7,1681.9041666666665,0,15360000
Clustered-All,Capacity8,7,2165.1421052631576,0,12160000
Clustered-All,MatchedContainedSpanPoint,7,1096.4297297297298,0,23680000
Clustered-All,MatchedContainedPoint,7,1099.7783783783784,0,23680000
Clustered-All,InternalContainedSpan,7,1098.8216216216217,0,23680000
Clustered-All,MatchedContainedSpan,7,1095.654054054054,0,23680000
Clustered-All,MatchedContained,7,1071.9552631578947,0,24320000
Clustered-All,ContainedSpan,7,1079.0605263157895,0,24320000
Clustered-All,SpanTraversal,7,1808.786956521739,0,14720000
Clustered-All,RootContained,7,1018.8799999999999,0,25600000
Clustered-All,InternalContained,7,1076.3605263157895,0,24320000
Clustered-All,Contained,7,1076.363157894737,0,24320000
Clustered-All,SIMD,7,1977.9904761904763,0,13440000
Clustered-All,After,7,1857.2363636363634,0,14080000
Clustered-All,Before,7,1841.340909090909,0,14080000
Clustered-All,Before,8,1838.0272727272727,0,14080000
Clustered-All,After,8,1844.2136363636362,0,14080000
Clustered-All,SIMD,8,1989.838095238095,0,13440000
Clustered-All,Contained,8,1090.6,0,23680000
Clustered-All,InternalContained,8,1098.6594594594594,0,23680000
Clustered-All,RootContained,8,1023.165,0,25600000
Clustered-All,SpanTraversal,8,1824.940909090909,0,14080000
Clustered-All,ContainedSpan,8,1081.581081081081,0,23680000
Clustered-All,MatchedContained,8,1072.136842105263,0,24320000
Clustered-All,MatchedContainedSpan,8,1090.0945945945946,0,23680000
Clustered-All,InternalContainedSpan,8,1089.9135135135136,0,23680000
Clustered-All,MatchedContainedPoint,8,1104.554054054054,0,23680000
Clustered-All,MatchedContainedSpanPoint,8,1104.027027027027,0,23680000
Clustered-All,Capacity8,8,2118.4473684210525,0,12160000
Clustered-All,Capacity32,8,1688.1499999999999,0,15360000
Clustered-All,Capacity64,8,1614.608,0,16000000
Clustered-Miss,Before,0,0.2730829623965701,0,0
Clustered-Miss,After,0,0.27225701061802343,0,0
Clustered-Miss,SIMD,0,196.67058823529413,0,0
Clustered-Miss,Contained,0,0.3637719513636901,0,0
Clustered-Miss,InternalContained,0,0.23735914218406015,0,0
Clustered-Miss,RootContained,0,0.370780767697741,0,0
Clustered-Miss,SpanTraversal,0,0.3612156621936463,0,0
Clustered-Miss,ContainedSpan,0,0.3606457313389774,0,0
Clustered-Miss,MatchedContained,0,0.3624815361890694,0,0
Clustered-Miss,MatchedContainedSpan,0,0.36215753734721595,0,0
Clustered-Miss,InternalContainedSpan,0,0.3688777815690216,0,0
Clustered-Miss,MatchedContainedPoint,0,0.3696031416031416,0,0
Clustered-Miss,MatchedContainedSpanPoint,0,0.3694262809856293,0,0
Clustered-Miss,Capacity8,0,0.34850578518157105,0,0
Clustered-Miss,Capacity32,0,0.3510126715574432,0,0
Clustered-Miss,Capacity64,0,0.34941386117856704,0,0
Clustered-Miss,Capacity64,1,0.3514422274352689,0,0
Clustered-Miss,Capacity32,1,0.3507949871521657,0,0
Clustered-Miss,Capacity8,1,0.34941516636529607,0,0
Clustered-Miss,MatchedContainedSpanPoint,1,0.36873680620212207,0,0
Clustered-Miss,MatchedContainedPoint,1,0.3704193136147278,0,0
Clustered-Miss,InternalContainedSpan,1,0.36970968546948507,0,0
Clustered-Miss,MatchedContainedSpan,1,0.36075776980104257,0,0
Clustered-Miss,MatchedContained,1,0.3613616037147787,0,0
Clustered-Miss,ContainedSpan,1,0.3607010171692397,0,0
Clustered-Miss,SpanTraversal,1,0.36181921793167077,0,0
Clustered-Miss,RootContained,1,0.37063990659921053,0,0
Clustered-Miss,InternalContained,1,0.23960273865930287,0,0
Clustered-Miss,Contained,1,0.36222550235898177,0,0
Clustered-Miss,SIMD,1,196.49754901960785,0,0
Clustered-Miss,After,1,0.2717367970543878,0,0
Clustered-Miss,Before,1,0.2720170010200612,0,0
Clustered-Miss,Before,2,0.27387505819844987,0,0
Clustered-Miss,After,2,0.2720144711698662,0,0
Clustered-Miss,SIMD,2,198.9222772277228,0,0
Clustered-Miss,Contained,2,0.3624412167121227,0,0
Clustered-Miss,InternalContained,2,0.2399382160638234,0,0
Clustered-Miss,RootContained,2,0.3699524611087475,0,0
Clustered-Miss,SpanTraversal,2,0.36291235710397385,0,0
Clustered-Miss,ContainedSpan,2,0.35988645667449415,0,0
Clustered-Miss,MatchedContained,2,0.3618552224493857,0,0
Clustered-Miss,MatchedContainedSpan,2,0.3655389845377782,0,0
Clustered-Miss,InternalContainedSpan,2,0.3703335771356621,0,0
Clustered-Miss,MatchedContainedPoint,2,0.37185966086568495,0,0
Clustered-Miss,MatchedContainedSpanPoint,2,0.370092800769793,0,0
Clustered-Miss,Capacity8,2,0.3491171721579751,0,0
Clustered-Miss,Capacity32,2,0.352191063174114,0,0
Clustered-Miss,Capacity64,2,0.35762270898524806,0,0
Clustered-Miss,Capacity64,3,0.35134252061869253,0,0
Clustered-Miss,Capacity32,3,0.34783690009304585,0,0
Clustered-Miss,Capacity8,3,0.347848129886167,0,0
Clustered-Miss,MatchedContainedSpanPoint,3,0.3703335771356621,0,0
Clustered-Miss,MatchedContainedPoint,3,0.3701391716326757,0,0
Clustered-Miss,InternalContainedSpan,3,0.37005606335343966,0,0
Clustered-Miss,MatchedContainedSpan,3,0.36165384302414944,0,0
Clustered-Miss,MatchedContained,3,0.36203298095720804,0,0
Clustered-Miss,ContainedSpan,3,0.3603580147926595,0,0
Clustered-Miss,SpanTraversal,3,0.3629270063058567,0,0
Clustered-Miss,RootContained,3,0.3690139025987804,0,0
Clustered-Miss,InternalContained,3,0.23921930973440741,0,0
Clustered-Miss,Contained,3,0.36280191922215266,0,0
Clustered-Miss,SIMD,3,201.33165829145727,0,0
Clustered-Miss,After,3,0.2729872310222689,0,0
Clustered-Miss,Before,3,0.27298605044769597,0,0
Clustered-Miss,Before,4,0.27235965001872464,0,0
Clustered-Miss,After,4,0.2721329097131039,0,0
Clustered-Miss,SIMD,4,196.48382352941175,0,0
Clustered-Miss,Contained,4,0.3622320628107256,0,0
Clustered-Miss,InternalContained,4,0.24276558555059236,0,0
Clustered-Miss,RootContained,4,0.3699456179941549,0,0
Clustered-Miss,SpanTraversal,4,0.3615590425916552,0,0
Clustered-Miss,ContainedSpan,4,0.36248629348702754,0,0
Clustered-Miss,MatchedContained,4,0.3608637208379193,0,0
Clustered-Miss,MatchedContainedSpan,4,0.36088706039444957,0,0
Clustered-Miss,InternalContainedSpan,4,0.370137320946071,0,0
Clustered-Miss,MatchedContainedPoint,4,0.3704364656745168,0,0
Clustered-Miss,MatchedContainedSpanPoint,4,0.3702375993854071,0,0
Clustered-Miss,Capacity8,4,0.34785633533350724,0,0
Clustered-Miss,Capacity32,4,0.3556282617779635,0,0
Clustered-Miss,Capacity64,4,0.3501295472847589,0,0
Clustered-Miss,Capacity64,5,0.34679648350123976,0,0
Clustered-Miss,Capacity32,5,0.3481011226177008,0,0
Clustered-Miss,Capacity8,5,0.35002362659479513,0,0
Clustered-Miss,MatchedContainedSpanPoint,5,0.36913926597207486,0,0
Clustered-Miss,MatchedContainedPoint,5,0.3705961921526845,0,0
Clustered-Miss,InternalContainedSpan,5,0.37092954246184096,0,0
Clustered-Miss,MatchedContainedSpan,5,0.36075776980104257,0,0
Clustered-Miss,MatchedContained,5,0.36144976776968535,0,0
Clustered-Miss,ContainedSpan,5,0.36223862350011315,0,0
Clustered-Miss,SpanTraversal,5,0.3630884301871721,0,0
Clustered-Miss,RootContained,5,0.37033107432507495,0,0
Clustered-Miss,InternalContained,5,0.24184880859528515,0,0
Clustered-Miss,Contained,5,0.3624576378694793,0,0
Clustered-Miss,SIMD,5,198.2450495049505,0,0
Clustered-Miss,After,5,0.2719534415708031,0,0
Clustered-Miss,Before,5,0.2724902074321332,0,0
Clustered-Miss,Before,6,0.2738731830226014,0,0
Clustered-Miss,After,6,0.27247213972371326,0,0
Clustered-Miss,SIMD,6,196.01073170731706,0,0
Clustered-Miss,Contained,6,0.36195345301867665,0,0
Clustered-Miss,InternalContained,6,0.23821919684598572,0,0
Clustered-Miss,RootContained,6,0.36960129360129357,0,0
Clustered-Miss,SpanTraversal,6,0.3602833621559302,0,0
Clustered-Miss,ContainedSpan,6,0.3615534103440172,0,0
Clustered-Miss,MatchedContained,6,0.36250781653571135,0,0
Clustered-Miss,MatchedContainedSpan,6,0.3624092848794542,0,0
Clustered-Miss,InternalContainedSpan,6,0.36957582253102106,0,0
Clustered-Miss,MatchedContainedPoint,6,0.36890592000295125,0,0
Clustered-Miss,MatchedContainedSpanPoint,6,0.37115391752959953,0,0
Clustered-Miss,Capacity8,6,0.3500192509625481,0,0
Clustered-Miss,Capacity32,6,0.35134256778715667,0,0
Clustered-Miss,Capacity64,6,0.35055826263759376,0,0
Clustered-Miss,Capacity64,7,0.347601129698023,0,0
Clustered-Miss,Capacity32,7,0.348036648075802,0,0
Clustered-Miss,Capacity8,7,0.35025086467317545,0,0
Clustered-Miss,MatchedContainedSpanPoint,7,0.36946473929709506,0,0
Clustered-Miss,MatchedContainedPoint,7,0.3689578836681609,0,0
Clustered-Miss,InternalContainedSpan,7,0.36966120804376756,0,0
Clustered-Miss,MatchedContainedSpan,7,0.3616841781651807,0,0
Clustered-Miss,MatchedContained,7,0.36152963187245235,0,0
Clustered-Miss,ContainedSpan,7,0.35969228555756383,0,0
Clustered-Miss,SpanTraversal,7,0.3637785679856671,0,0
Clustered-Miss,RootContained,7,0.3687003410452577,0,0
Clustered-Miss,InternalContained,7,0.2402971266542914,0,0
Clustered-Miss,Contained,7,0.36129868487607486,0,0
Clustered-Miss,SIMD,7,197.0935960591133,0,0
Clustered-Miss,After,7,0.27126135901261356,0,0
Clustered-Miss,Before,7,0.27297046459573077,0,0
Clustered-Miss,Before,8,0.27344512653641595,0,0
Clustered-Miss,After,8,0.27171697959405483,0,0
Clustered-Miss,SIMD,8,197.42463054187192,0,0
Clustered-Miss,Contained,8,0.3630977451799136,0,0
Clustered-Miss,InternalContained,8,0.2393409762694015,0,0
Clustered-Miss,RootContained,8,0.37598672770169284,0,0
Clustered-Miss,SpanTraversal,8,0.36245197535338886,0,0
Clustered-Miss,ContainedSpan,8,0.36394348000145577,0,0
Clustered-Miss,MatchedContained,8,0.3621631899174272,0,0
Clustered-Miss,MatchedContainedSpan,8,0.36182994120307554,0,0
Clustered-Miss,InternalContainedSpan,8,0.36940175833918215,0,0
Clustered-Miss,MatchedContainedPoint,8,0.3696363720371482,0,0
Clustered-Miss,MatchedContainedSpanPoint,8,0.3739925575481048,0,0
Clustered-Miss,Capacity8,8,0.3478974055680701,0,0
Clustered-Miss,Capacity32,8,0.3547257990138697,0,0
Clustered-Miss,Capacity64,8,0.3484832380819627,0,0
